Disease Name,Cases,Location Name,Country Code,Region Type,Lattitude,Longitude,Region Boundary,TimeStampStart,TimeStampEnd,Source File
Dengue Fever,25,Colombo,LKA,city,6.93243,79.84588,"{'west': 79.82217, 'south': 6.86256, 'east': 79.88997, 'north': 6.98118}",24-Dec-2022 00:00:00,30-Dec-2022 00:00:00,Data/Error File/en_640feff0076ea_Vol_50_no_01-english.pdf
Dysentery,0,Colombo,LKA,city,6.93243,79.84588,"{'west': 79.82217, 'south': 6.86256, 'east': 79.88997, 'north': 6.98118}",24-Dec-2022 00:00:00,30-Dec-2022 00:00:00,Data/Error File/en_640feff0076ea_Vol_50_no_01-english.pdf
Encephalitis,0,Colombo,LKA,city,6.93243,79.84588,"{'west': 79.82217, 'south': 6.86256, 'east': 79.88997, 'north': 6.98118}",24-Dec-2022 00:00:00,30-Dec-2022 00:00:00,Data/Error File/en_640feff0076ea_Vol_50_no_01-english.pdf
Enteric Fever,0,Colombo,LKA,city,6.93243,79.84588,"{'west': 79.82217, 'south': 6.86256, 'east': 79.88997, 'north': 6.98118}",24-Dec-2022 00:00:00,30-Dec-2022 00:00:00,Data/Error File/en_640feff0076ea_Vol_50_no_01-english.pdf
Food Poisoning,0,Colombo,LKA,city,6.93243,79.84588,"{'west': 79.82217, 'south': 6.86256, 'east': 79.88997, 'north': 6.98118}",24-Dec-2022 00:00:00,30-Dec-2022 00:00:00,Data/Error File/en_640feff0076ea_Vol_50_no_01-english.pdf
Leptospirosis,5,Colombo,LKA,city,6.93243,79.84588,"{'west': 79.82217, 'south': 6.86256, 'east': 79.88997, 'north': 6.98118}",24-Dec-2022 00:00:00,30-Dec-2022 00:00:00,Data/Error File/en_640feff0076ea_Vol_50_no_01-english.pdf
Typhus Fever,0,Colombo,LKA,city,6.93243,79.84588,"{'west': 79.82217, 'south': 6.86256, 'east': 79.88997, 'north': 6.98118}",24-Dec-2022 00:00:00,30-Dec-2022 00:00:00,Data/Error File/en_640feff0076ea_Vol_50_no_01-english.pdf
Viral Hepatitis,0,Colombo,LKA,city,6.93243,79.84588,"{'west': 79.82217, 'south': 6.86256, 'east': 79.88997, 'north': 6.98118}",24-Dec-2022 00:00:00,30-Dec-2022 00:00:00,Data/Error File/en_640feff0076ea_Vol_50_no_01-english.pdf
Human Rabies,0,Colombo,LKA,city,6.93243,79.84588,"{'west': 79.82217, 'south': 6.86256, 'east': 79.88997, 'north': 6.98118}",24-Dec-2022 00:00:00,30-Dec-2022 00:00:00,Data/Error File/en_640feff0076ea_Vol_50_no_01-english.pdf
Chickenpox,3,Colombo,LKA,city,6.93243,79.84588,"{'west': 79.82217, 'south': 6.86256, 'east': 79.88997, 'north': 6.98118}",24-Dec-2022 00:00:00,30-Dec-2022 00:00:00,Data/Error File/en_640feff0076ea_Vol_50_no_01-english.pdf
Meningitis,0,Colombo,LKA,city,6.93243,79.84588,"{'west': 79.82217, 'south': 6.86256, 'east': 79.88997, 'north': 6.98118}",24-Dec-2022 00:00:00,30-Dec-2022 00:00:00,Data/Error File/en_640feff0076ea_Vol_50_no_01-english.pdf
Dengue Fever,23,Gampaha,LKA,city,6.99555,80.92297,"{'west': 80.92049, 'south': 6.69864, 'east': 81.05956, 'north': 7.00913}",24-Dec-2022 00:00:00,30-Dec-2022 00:00:00,Data/Error File/en_640feff0076ea_Vol_50_no_01-english.pdf
Dysentery,0,Gampaha,LKA,city,6.99555,80.92297,"{'west': 80.92049, 'south': 6.69864, 'east': 81.05956, 'north': 7.00913}",24-Dec-2022 00:00:00,30-Dec-2022 00:00:00,Data/Error File/en_640feff0076ea_Vol_50_no_01-english.pdf
Encephalitis,0,Gampaha,LKA,city,6.99555,80.92297,"{'west': 80.92049, 'south': 6.69864, 'east': 81.05956, 'north': 7.00913}",24-Dec-2022 00:00:00,30-Dec-2022 00:00:00,Data/Error File/en_640feff0076ea_Vol_50_no_01-english.pdf
Enteric Fever,0,Gampaha,LKA,city,6.99555,80.92297,"{'west': 80.92049, 'south': 6.69864, 'east': 81.05956, 'north': 7.00913}",24-Dec-2022 00:00:00,30-Dec-2022 00:00:00,Data/Error File/en_640feff0076ea_Vol_50_no_01-english.pdf
Food Poisoning,0,Gampaha,LKA,city,6.99555,80.92297,"{'west': 80.92049, 'south': 6.69864, 'east': 81.05956, 'north': 7.00913}",24-Dec-2022 00:00:00,30-Dec-2022 00:00:00,Data/Error File/en_640feff0076ea_Vol_50_no_01-english.pdf
Leptospirosis,6,Gampaha,LKA,city,6.99555,80.92297,"{'west': 80.92049, 'south': 6.69864, 'east': 81.05956, 'north': 7.00913}",24-Dec-2022 00:00:00,30-Dec-2022 00:00:00,Data/Error File/en_640feff0076ea_Vol_50_no_01-english.pdf
Typhus Fever,0,Gampaha,LKA,city,6.99555,80.92297,"{'west': 80.92049, 'south': 6.69864, 'east': 81.05956, 'north': 7.00913}",24-Dec-2022 00:00:00,30-Dec-2022 00:00:00,Data/Error File/en_640feff0076ea_Vol_50_no_01-english.pdf
Viral Hepatitis,1,Gampaha,LKA,city,6.99555,80.92297,"{'west': 80.92049, 'south': 6.69864, 'east': 81.05956, 'north': 7.00913}",24-Dec-2022 00:00:00,30-Dec-2022 00:00:00,Data/Error File/en_640feff0076ea_Vol_50_no_01-english.pdf
Human Rabies,0,Gampaha,LKA,city,6.99555,80.92297,"{'west': 80.92049, 'south': 6.69864, 'east': 81.05956, 'north': 7.00913}",24-Dec-2022 00:00:00,30-Dec-2022 00:00:00,Data/Error File/en_640feff0076ea_Vol_50_no_01-english.pdf
Chickenpox,6,Gampaha,LKA,city,6.99555,80.92297,"{'west': 80.92049, 'south': 6.69864, 'east': 81.05956, 'north': 7.00913}",24-Dec-2022 00:00:00,30-Dec-2022 00:00:00,Data/Error File/en_640feff0076ea_Vol_50_no_01-english.pdf
Meningitis,0,Gampaha,LKA,city,6.99555,80.92297,"{'west': 80.92049, 'south': 6.69864, 'east': 81.05956, 'north': 7.00913}",24-Dec-2022 00:00:00,30-Dec-2022 00:00:00,Data/Error File/en_640feff0076ea_Vol_50_no_01-english.pdf
Dengue Fever,74,Kalutara,LKA,city,6.58227,79.96151,"{'west': 79.95693, 'south': 6.57254, 'east': 79.96688, 'north': 6.59118}",24-Dec-2022 00:00:00,30-Dec-2022 00:00:00,Data/Error File/en_640feff0076ea_Vol_50_no_01-english.pdf
Dysentery,1,Kalutara,LKA,city,6.58227,79.96151,"{'west': 79.95693, 'south': 6.57254, 'east': 79.96688, 'north': 6.59118}",24-Dec-2022 00:00:00,30-Dec-2022 00:00:00,Data/Error File/en_640feff0076ea_Vol_50_no_01-english.pdf
Encephalitis,0,Kalutara,LKA,city,6.58227,79.96151,"{'west': 79.95693, 'south': 6.57254, 'east': 79.96688, 'north': 6.59118}",24-Dec-2022 00:00:00,30-Dec-2022 00:00:00,Data/Error File/en_640feff0076ea_Vol_50_no_01-english.pdf
Enteric Fever,0,Kalutara,LKA,city,6.58227,79.96151,"{'west': 79.95693, 'south': 6.57254, 'east': 79.96688, 'north': 6.59118}",24-Dec-2022 00:00:00,30-Dec-2022 00:00:00,Data/Error File/en_640feff0076ea_Vol_50_no_01-english.pdf
Food Poisoning,0,Kalutara,LKA,city,6.58227,79.96151,"{'west': 79.95693, 'south': 6.57254, 'east': 79.96688, 'north': 6.59118}",24-Dec-2022 00:00:00,30-Dec-2022 00:00:00,Data/Error File/en_640feff0076ea_Vol_50_no_01-english.pdf
Leptospirosis,8,Kalutara,LKA,city,6.58227,79.96151,"{'west': 79.95693, 'south': 6.57254, 'east': 79.96688, 'north': 6.59118}",24-Dec-2022 00:00:00,30-Dec-2022 00:00:00,Data/Error File/en_640feff0076ea_Vol_50_no_01-english.pdf
Typhus Fever,0,Kalutara,LKA,city,6.58227,79.96151,"{'west': 79.95693, 'south': 6.57254, 'east': 79.96688, 'north': 6.59118}",24-Dec-2022 00:00:00,30-Dec-2022 00:00:00,Data/Error File/en_640feff0076ea_Vol_50_no_01-english.pdf
Viral Hepatitis,0,Kalutara,LKA,city,6.58227,79.96151,"{'west': 79.95693, 'south': 6.57254, 'east': 79.96688, 'north': 6.59118}",24-Dec-2022 00:00:00,30-Dec-2022 00:00:00,Data/Error File/en_640feff0076ea_Vol_50_no_01-english.pdf
Human Rabies,0,Kalutara,LKA,city,6.58227,79.96151,"{'west': 79.95693, 'south': 6.57254, 'east': 79.96688, 'north': 6.59118}",24-Dec-2022 00:00:00,30-Dec-2022 00:00:00,Data/Error File/en_640feff0076ea_Vol_50_no_01-english.pdf
Chickenpox,6,Kalutara,LKA,city,6.58227,79.96151,"{'west': 79.95693, 'south': 6.57254, 'east': 79.96688, 'north': 6.59118}",24-Dec-2022 00:00:00,30-Dec-2022 00:00:00,Data/Error File/en_640feff0076ea_Vol_50_no_01-english.pdf
Meningitis,0,Kalutara,LKA,city,6.58227,79.96151,"{'west': 79.95693, 'south': 6.57254, 'east': 79.96688, 'north': 6.59118}",24-Dec-2022 00:00:00,30-Dec-2022 00:00:00,Data/Error File/en_640feff0076ea_Vol_50_no_01-english.pdf
Leishmaniasis,0,Kalutara,LKA,city,6.58227,79.96151,"{'west': 79.95693, 'south': 6.57254, 'east': 79.96688, 'north': 6.59118}",24-Dec-2022 00:00:00,30-Dec-2022 00:00:00,Data/Error File/en_640feff0076ea_Vol_50_no_01-english.pdf
Dengue Fever,50,Kandy,LKA,city,7.29497,80.63867,"{'west': 80.59229, 'south': 7.24218, 'east': 80.65777, 'north': 7.3217}",24-Dec-2022 00:00:00,30-Dec-2022 00:00:00,Data/Error File/en_640feff0076ea_Vol_50_no_01-english.pdf
Dysentery,0,Kandy,LKA,city,7.29497,80.63867,"{'west': 80.59229, 'south': 7.24218, 'east': 80.65777, 'north': 7.3217}",24-Dec-2022 00:00:00,30-Dec-2022 00:00:00,Data/Error File/en_640feff0076ea_Vol_50_no_01-english.pdf
Encephalitis,0,Kandy,LKA,city,7.29497,80.63867,"{'west': 80.59229, 'south': 7.24218, 'east': 80.65777, 'north': 7.3217}",24-Dec-2022 00:00:00,30-Dec-2022 00:00:00,Data/Error File/en_640feff0076ea_Vol_50_no_01-english.pdf
Enteric Fever,0,Kandy,LKA,city,7.29497,80.63867,"{'west': 80.59229, 'south': 7.24218, 'east': 80.65777, 'north': 7.3217}",24-Dec-2022 00:00:00,30-Dec-2022 00:00:00,Data/Error File/en_640feff0076ea_Vol_50_no_01-english.pdf
Food Poisoning,0,Kandy,LKA,city,7.29497,80.63867,"{'west': 80.59229, 'south': 7.24218, 'east': 80.65777, 'north': 7.3217}",24-Dec-2022 00:00:00,30-Dec-2022 00:00:00,Data/Error File/en_640feff0076ea_Vol_50_no_01-english.pdf
Leptospirosis,3,Kandy,LKA,city,7.29497,80.63867,"{'west': 80.59229, 'south': 7.24218, 'east': 80.65777, 'north': 7.3217}",24-Dec-2022 00:00:00,30-Dec-2022 00:00:00,Data/Error File/en_640feff0076ea_Vol_50_no_01-english.pdf
Typhus Fever,2,Kandy,LKA,city,7.29497,80.63867,"{'west': 80.59229, 'south': 7.24218, 'east': 80.65777, 'north': 7.3217}",24-Dec-2022 00:00:00,30-Dec-2022 00:00:00,Data/Error File/en_640feff0076ea_Vol_50_no_01-english.pdf
Viral Hepatitis,0,Kandy,LKA,city,7.29497,80.63867,"{'west': 80.59229, 'south': 7.24218, 'east': 80.65777, 'north': 7.3217}",24-Dec-2022 00:00:00,30-Dec-2022 00:00:00,Data/Error File/en_640feff0076ea_Vol_50_no_01-english.pdf
Human Rabies,0,Kandy,LKA,city,7.29497,80.63867,"{'west': 80.59229, 'south': 7.24218, 'east': 80.65777, 'north': 7.3217}",24-Dec-2022 00:00:00,30-Dec-2022 00:00:00,Data/Error File/en_640feff0076ea_Vol_50_no_01-english.pdf
Chickenpox,0,Kandy,LKA,city,7.29497,80.63867,"{'west': 80.59229, 'south': 7.24218, 'east': 80.65777, 'north': 7.3217}",24-Dec-2022 00:00:00,30-Dec-2022 00:00:00,Data/Error File/en_640feff0076ea_Vol_50_no_01-english.pdf
Meningitis,0,Kandy,LKA,city,7.29497,80.63867,"{'west': 80.59229, 'south': 7.24218, 'east': 80.65777, 'north': 7.3217}",24-Dec-2022 00:00:00,30-Dec-2022 00:00:00,Data/Error File/en_640feff0076ea_Vol_50_no_01-english.pdf
Leishmaniasis,1,Kandy,LKA,city,7.29497,80.63867,"{'west': 80.59229, 'south': 7.24218, 'east': 80.65777, 'north': 7.3217}",24-Dec-2022 00:00:00,30-Dec-2022 00:00:00,Data/Error File/en_640feff0076ea_Vol_50_no_01-english.pdf
Dengue Fever,25,Matale,LKA,city,7.47354,80.62424,"{'west': 80.60563, 'south': 7.42466, 'east': 80.63226, 'north': 7.48865}",24-Dec-2022 00:00:00,30-Dec-2022 00:00:00,Data/Error File/en_640feff0076ea_Vol_50_no_01-english.pdf
Dysentery,0,Matale,LKA,city,7.47354,80.62424,"{'west': 80.60563, 'south': 7.42466, 'east': 80.63226, 'north': 7.48865}",24-Dec-2022 00:00:00,30-Dec-2022 00:00:00,Data/Error File/en_640feff0076ea_Vol_50_no_01-english.pdf
Encephalitis,0,Matale,LKA,city,7.47354,80.62424,"{'west': 80.60563, 'south': 7.42466, 'east': 80.63226, 'north': 7.48865}",24-Dec-2022 00:00:00,30-Dec-2022 00:00:00,Data/Error File/en_640feff0076ea_Vol_50_no_01-english.pdf
Enteric Fever,0,Matale,LKA,city,7.47354,80.62424,"{'west': 80.60563, 'south': 7.42466, 'east': 80.63226, 'north': 7.48865}",24-Dec-2022 00:00:00,30-Dec-2022 00:00:00,Data/Error File/en_640feff0076ea_Vol_50_no_01-english.pdf
Food Poisoning,0,Matale,LKA,city,7.47354,80.62424,"{'west': 80.60563, 'south': 7.42466, 'east': 80.63226, 'north': 7.48865}",24-Dec-2022 00:00:00,30-Dec-2022 00:00:00,Data/Error File/en_640feff0076ea_Vol_50_no_01-english.pdf
Leptospirosis,1,Matale,LKA,city,7.47354,80.62424,"{'west': 80.60563, 'south': 7.42466, 'east': 80.63226, 'north': 7.48865}",24-Dec-2022 00:00:00,30-Dec-2022 00:00:00,Data/Error File/en_640feff0076ea_Vol_50_no_01-english.pdf
Typhus Fever,0,Matale,LKA,city,7.47354,80.62424,"{'west': 80.60563, 'south': 7.42466, 'east': 80.63226, 'north': 7.48865}",24-Dec-2022 00:00:00,30-Dec-2022 00:00:00,Data/Error File/en_640feff0076ea_Vol_50_no_01-english.pdf
Viral Hepatitis,0,Matale,LKA,city,7.47354,80.62424,"{'west': 80.60563, 'south': 7.42466, 'east': 80.63226, 'north': 7.48865}",24-Dec-2022 00:00:00,30-Dec-2022 00:00:00,Data/Error File/en_640feff0076ea_Vol_50_no_01-english.pdf
Human Rabies,0,Matale,LKA,city,7.47354,80.62424,"{'west': 80.60563, 'south': 7.42466, 'east': 80.63226, 'north': 7.48865}",24-Dec-2022 00:00:00,30-Dec-2022 00:00:00,Data/Error File/en_640feff0076ea_Vol_50_no_01-english.pdf
Chickenpox,2,Matale,LKA,city,7.47354,80.62424,"{'west': 80.60563, 'south': 7.42466, 'east': 80.63226, 'north': 7.48865}",24-Dec-2022 00:00:00,30-Dec-2022 00:00:00,Data/Error File/en_640feff0076ea_Vol_50_no_01-english.pdf
Meningitis,0,Matale,LKA,city,7.47354,80.62424,"{'west': 80.60563, 'south': 7.42466, 'east': 80.63226, 'north': 7.48865}",24-Dec-2022 00:00:00,30-Dec-2022 00:00:00,Data/Error File/en_640feff0076ea_Vol_50_no_01-english.pdf
Leishmaniasis,11,Matale,LKA,city,7.47354,80.62424,"{'west': 80.60563, 'south': 7.42466, 'east': 80.63226, 'north': 7.48865}",24-Dec-2022 00:00:00,30-Dec-2022 00:00:00,Data/Error File/en_640feff0076ea_Vol_50_no_01-english.pdf
Dengue Fever,3,NuwaraEliya,LKA,city,6.97375,80.76449,"{'west': 80.74499, 'south': 6.9247, 'east': 80.81502, 'north': 6.99217}",24-Dec-2022 00:00:00,30-Dec-2022 00:00:00,Data/Error File/en_640feff0076ea_Vol_50_no_01-english.pdf
Dysentery,2,NuwaraEliya,LKA,city,6.97375,80.76449,"{'west': 80.74499, 'south': 6.9247, 'east': 80.81502, 'north': 6.99217}",24-Dec-2022 00:00:00,30-Dec-2022 00:00:00,Data/Error File/en_640feff0076ea_Vol_50_no_01-english.pdf
Encephalitis,0,NuwaraEliya,LKA,city,6.97375,80.76449,"{'west': 80.74499, 'south': 6.9247, 'east': 80.81502, 'north': 6.99217}",24-Dec-2022 00:00:00,30-Dec-2022 00:00:00,Data/Error File/en_640feff0076ea_Vol_50_no_01-english.pdf
Enteric Fever,0,NuwaraEliya,LKA,city,6.97375,80.76449,"{'west': 80.74499, 'south': 6.9247, 'east': 80.81502, 'north': 6.99217}",24-Dec-2022 00:00:00,30-Dec-2022 00:00:00,Data/Error File/en_640feff0076ea_Vol_50_no_01-english.pdf
Food Poisoning,0,NuwaraEliya,LKA,city,6.97375,80.76449,"{'west': 80.74499, 'south': 6.9247, 'east': 80.81502, 'north': 6.99217}",24-Dec-2022 00:00:00,30-Dec-2022 00:00:00,Data/Error File/en_640feff0076ea_Vol_50_no_01-english.pdf
Leptospirosis,1,NuwaraEliya,LKA,city,6.97375,80.76449,"{'west': 80.74499, 'south': 6.9247, 'east': 80.81502, 'north': 6.99217}",24-Dec-2022 00:00:00,30-Dec-2022 00:00:00,Data/Error File/en_640feff0076ea_Vol_50_no_01-english.pdf
Typhus Fever,0,NuwaraEliya,LKA,city,6.97375,80.76449,"{'west': 80.74499, 'south': 6.9247, 'east': 80.81502, 'north': 6.99217}",24-Dec-2022 00:00:00,30-Dec-2022 00:00:00,Data/Error File/en_640feff0076ea_Vol_50_no_01-english.pdf
Viral Hepatitis,0,NuwaraEliya,LKA,city,6.97375,80.76449,"{'west': 80.74499, 'south': 6.9247, 'east': 80.81502, 'north': 6.99217}",24-Dec-2022 00:00:00,30-Dec-2022 00:00:00,Data/Error File/en_640feff0076ea_Vol_50_no_01-english.pdf
Human Rabies,0,NuwaraEliya,LKA,city,6.97375,80.76449,"{'west': 80.74499, 'south': 6.9247, 'east': 80.81502, 'north': 6.99217}",24-Dec-2022 00:00:00,30-Dec-2022 00:00:00,Data/Error File/en_640feff0076ea_Vol_50_no_01-english.pdf
Chickenpox,0,NuwaraEliya,LKA,city,6.97375,80.76449,"{'west': 80.74499, 'south': 6.9247, 'east': 80.81502, 'north': 6.99217}",24-Dec-2022 00:00:00,30-Dec-2022 00:00:00,Data/Error File/en_640feff0076ea_Vol_50_no_01-english.pdf
Meningitis,2,NuwaraEliya,LKA,city,6.97375,80.76449,"{'west': 80.74499, 'south': 6.9247, 'east': 80.81502, 'north': 6.99217}",24-Dec-2022 00:00:00,30-Dec-2022 00:00:00,Data/Error File/en_640feff0076ea_Vol_50_no_01-english.pdf
Leishmaniasis,0,NuwaraEliya,LKA,city,6.97375,80.76449,"{'west': 80.74499, 'south': 6.9247, 'east': 80.81502, 'north': 6.99217}",24-Dec-2022 00:00:00,30-Dec-2022 00:00:00,Data/Error File/en_640feff0076ea_Vol_50_no_01-english.pdf
Dengue Fever,28,Galle,LKA,city,6.03459,80.21702,"{'west': 80.17186, 'south': 6.02034, 'east': 80.24988, 'north': 6.09423}",24-Dec-2022 00:00:00,30-Dec-2022 00:00:00,Data/Error File/en_640feff0076ea_Vol_50_no_01-english.pdf
Dysentery,0,Galle,LKA,city,6.03459,80.21702,"{'west': 80.17186, 'south': 6.02034, 'east': 80.24988, 'north': 6.09423}",24-Dec-2022 00:00:00,30-Dec-2022 00:00:00,Data/Error File/en_640feff0076ea_Vol_50_no_01-english.pdf
Encephalitis,0,Galle,LKA,city,6.03459,80.21702,"{'west': 80.17186, 'south': 6.02034, 'east': 80.24988, 'north': 6.09423}",24-Dec-2022 00:00:00,30-Dec-2022 00:00:00,Data/Error File/en_640feff0076ea_Vol_50_no_01-english.pdf
Enteric Fever,0,Galle,LKA,city,6.03459,80.21702,"{'west': 80.17186, 'south': 6.02034, 'east': 80.24988, 'north': 6.09423}",24-Dec-2022 00:00:00,30-Dec-2022 00:00:00,Data/Error File/en_640feff0076ea_Vol_50_no_01-english.pdf
Food Poisoning,0,Galle,LKA,city,6.03459,80.21702,"{'west': 80.17186, 'south': 6.02034, 'east': 80.24988, 'north': 6.09423}",24-Dec-2022 00:00:00,30-Dec-2022 00:00:00,Data/Error File/en_640feff0076ea_Vol_50_no_01-english.pdf
Leptospirosis,12,Galle,LKA,city,6.03459,80.21702,"{'west': 80.17186, 'south': 6.02034, 'east': 80.24988, 'north': 6.09423}",24-Dec-2022 00:00:00,30-Dec-2022 00:00:00,Data/Error File/en_640feff0076ea_Vol_50_no_01-english.pdf
Typhus Fever,2,Galle,LKA,city,6.03459,80.21702,"{'west': 80.17186, 'south': 6.02034, 'east': 80.24988, 'north': 6.09423}",24-Dec-2022 00:00:00,30-Dec-2022 00:00:00,Data/Error File/en_640feff0076ea_Vol_50_no_01-english.pdf
Viral Hepatitis,0,Galle,LKA,city,6.03459,80.21702,"{'west': 80.17186, 'south': 6.02034, 'east': 80.24988, 'north': 6.09423}",24-Dec-2022 00:00:00,30-Dec-2022 00:00:00,Data/Error File/en_640feff0076ea_Vol_50_no_01-english.pdf
Human Rabies,0,Galle,LKA,city,6.03459,80.21702,"{'west': 80.17186, 'south': 6.02034, 'east': 80.24988, 'north': 6.09423}",24-Dec-2022 00:00:00,30-Dec-2022 00:00:00,Data/Error File/en_640feff0076ea_Vol_50_no_01-english.pdf
Chickenpox,4,Galle,LKA,city,6.03459,80.21702,"{'west': 80.17186, 'south': 6.02034, 'east': 80.24988, 'north': 6.09423}",24-Dec-2022 00:00:00,30-Dec-2022 00:00:00,Data/Error File/en_640feff0076ea_Vol_50_no_01-english.pdf
Meningitis,1,Galle,LKA,city,6.03459,80.21702,"{'west': 80.17186, 'south': 6.02034, 'east': 80.24988, 'north': 6.09423}",24-Dec-2022 00:00:00,30-Dec-2022 00:00:00,Data/Error File/en_640feff0076ea_Vol_50_no_01-english.pdf
Leishmaniasis,0,Galle,LKA,city,6.03459,80.21702,"{'west': 80.17186, 'south': 6.02034, 'east': 80.24988, 'north': 6.09423}",24-Dec-2022 00:00:00,30-Dec-2022 00:00:00,Data/Error File/en_640feff0076ea_Vol_50_no_01-english.pdf
Dengue Fever,13,Hambantota,LKA,city,6.12845,81.12598,"{'west': 81.09705, 'south': 6.11608, 'east': 81.16193, 'north': 6.15419}",24-Dec-2022 00:00:00,30-Dec-2022 00:00:00,Data/Error File/en_640feff0076ea_Vol_50_no_01-english.pdf
Dysentery,0,Hambantota,LKA,city,6.12845,81.12598,"{'west': 81.09705, 'south': 6.11608, 'east': 81.16193, 'north': 6.15419}",24-Dec-2022 00:00:00,30-Dec-2022 00:00:00,Data/Error File/en_640feff0076ea_Vol_50_no_01-english.pdf
Encephalitis,1,Hambantota,LKA,city,6.12845,81.12598,"{'west': 81.09705, 'south': 6.11608, 'east': 81.16193, 'north': 6.15419}",24-Dec-2022 00:00:00,30-Dec-2022 00:00:00,Data/Error File/en_640feff0076ea_Vol_50_no_01-english.pdf
Enteric Fever,0,Hambantota,LKA,city,6.12845,81.12598,"{'west': 81.09705, 'south': 6.11608, 'east': 81.16193, 'north': 6.15419}",24-Dec-2022 00:00:00,30-Dec-2022 00:00:00,Data/Error File/en_640feff0076ea_Vol_50_no_01-english.pdf
Food Poisoning,0,Hambantota,LKA,city,6.12845,81.12598,"{'west': 81.09705, 'south': 6.11608, 'east': 81.16193, 'north': 6.15419}",24-Dec-2022 00:00:00,30-Dec-2022 00:00:00,Data/Error File/en_640feff0076ea_Vol_50_no_01-english.pdf
Leptospirosis,10,Hambantota,LKA,city,6.12845,81.12598,"{'west': 81.09705, 'south': 6.11608, 'east': 81.16193, 'north': 6.15419}",24-Dec-2022 00:00:00,30-Dec-2022 00:00:00,Data/Error File/en_640feff0076ea_Vol_50_no_01-english.pdf
Typhus Fever,2,Hambantota,LKA,city,6.12845,81.12598,"{'west': 81.09705, 'south': 6.11608, 'east': 81.16193, 'north': 6.15419}",24-Dec-2022 00:00:00,30-Dec-2022 00:00:00,Data/Error File/en_640feff0076ea_Vol_50_no_01-english.pdf
Viral Hepatitis,0,Hambantota,LKA,city,6.12845,81.12598,"{'west': 81.09705, 'south': 6.11608, 'east': 81.16193, 'north': 6.15419}",24-Dec-2022 00:00:00,30-Dec-2022 00:00:00,Data/Error File/en_640feff0076ea_Vol_50_no_01-english.pdf
Human Rabies,0,Hambantota,LKA,city,6.12845,81.12598,"{'west': 81.09705, 'south': 6.11608, 'east': 81.16193, 'north': 6.15419}",24-Dec-2022 00:00:00,30-Dec-2022 00:00:00,Data/Error File/en_640feff0076ea_Vol_50_no_01-english.pdf
Chickenpox,4,Hambantota,LKA,city,6.12845,81.12598,"{'west': 81.09705, 'south': 6.11608, 'east': 81.16193, 'north': 6.15419}",24-Dec-2022 00:00:00,30-Dec-2022 00:00:00,Data/Error File/en_640feff0076ea_Vol_50_no_01-english.pdf
Meningitis,0,Hambantota,LKA,city,6.12845,81.12598,"{'west': 81.09705, 'south': 6.11608, 'east': 81.16193, 'north': 6.15419}",24-Dec-2022 00:00:00,30-Dec-2022 00:00:00,Data/Error File/en_640feff0076ea_Vol_50_no_01-english.pdf
Leishmaniasis,5,Hambantota,LKA,city,6.12845,81.12598,"{'west': 81.09705, 'south': 6.11608, 'east': 81.16193, 'north': 6.15419}",24-Dec-2022 00:00:00,30-Dec-2022 00:00:00,Data/Error File/en_640feff0076ea_Vol_50_no_01-english.pdf
Dengue Fever,22,Matara,LKA,city,5.94464,80.55015,"{'west': 80.50298, 'south': 5.93538, 'east': 80.57139, 'north': 5.9771}",24-Dec-2022 00:00:00,30-Dec-2022 00:00:00,Data/Error File/en_640feff0076ea_Vol_50_no_01-english.pdf
Dysentery,0,Matara,LKA,city,5.94464,80.55015,"{'west': 80.50298, 'south': 5.93538, 'east': 80.57139, 'north': 5.9771}",24-Dec-2022 00:00:00,30-Dec-2022 00:00:00,Data/Error File/en_640feff0076ea_Vol_50_no_01-english.pdf
Encephalitis,0,Matara,LKA,city,5.94464,80.55015,"{'west': 80.50298, 'south': 5.93538, 'east': 80.57139, 'north': 5.9771}",24-Dec-2022 00:00:00,30-Dec-2022 00:00:00,Data/Error File/en_640feff0076ea_Vol_50_no_01-english.pdf
Enteric Fever,0,Matara,LKA,city,5.94464,80.55015,"{'west': 80.50298, 'south': 5.93538, 'east': 80.57139, 'north': 5.9771}",24-Dec-2022 00:00:00,30-Dec-2022 00:00:00,Data/Error File/en_640feff0076ea_Vol_50_no_01-english.pdf
Food Poisoning,0,Matara,LKA,city,5.94464,80.55015,"{'west': 80.50298, 'south': 5.93538, 'east': 80.57139, 'north': 5.9771}",24-Dec-2022 00:00:00,30-Dec-2022 00:00:00,Data/Error File/en_640feff0076ea_Vol_50_no_01-english.pdf
Leptospirosis,12,Matara,LKA,city,5.94464,80.55015,"{'west': 80.50298, 'south': 5.93538, 'east': 80.57139, 'north': 5.9771}",24-Dec-2022 00:00:00,30-Dec-2022 00:00:00,Data/Error File/en_640feff0076ea_Vol_50_no_01-english.pdf
Typhus Fever,0,Matara,LKA,city,5.94464,80.55015,"{'west': 80.50298, 'south': 5.93538, 'east': 80.57139, 'north': 5.9771}",24-Dec-2022 00:00:00,30-Dec-2022 00:00:00,Data/Error File/en_640feff0076ea_Vol_50_no_01-english.pdf
Viral Hepatitis,0,Matara,LKA,city,5.94464,80.55015,"{'west': 80.50298, 'south': 5.93538, 'east': 80.57139, 'north': 5.9771}",24-Dec-2022 00:00:00,30-Dec-2022 00:00:00,Data/Error File/en_640feff0076ea_Vol_50_no_01-english.pdf
Human Rabies,0,Matara,LKA,city,5.94464,80.55015,"{'west': 80.50298, 'south': 5.93538, 'east': 80.57139, 'north': 5.9771}",24-Dec-2022 00:00:00,30-Dec-2022 00:00:00,Data/Error File/en_640feff0076ea_Vol_50_no_01-english.pdf
Chickenpox,4,Matara,LKA,city,5.94464,80.55015,"{'west': 80.50298, 'south': 5.93538, 'east': 80.57139, 'north': 5.9771}",24-Dec-2022 00:00:00,30-Dec-2022 00:00:00,Data/Error File/en_640feff0076ea_Vol_50_no_01-english.pdf
Meningitis,1,Matara,LKA,city,5.94464,80.55015,"{'west': 80.50298, 'south': 5.93538, 'east': 80.57139, 'north': 5.9771}",24-Dec-2022 00:00:00,30-Dec-2022 00:00:00,Data/Error File/en_640feff0076ea_Vol_50_no_01-english.pdf
Leishmaniasis,0,Matara,LKA,city,5.94464,80.55015,"{'west': 80.50298, 'south': 5.93538, 'east': 80.57139, 'north': 5.9771}",24-Dec-2022 00:00:00,30-Dec-2022 00:00:00,Data/Error File/en_640feff0076ea_Vol_50_no_01-english.pdf
Dengue Fever,12,Jaffna,LKA,city,9.65876,80.01907,"{'west': 79.99777, 'south': 9.646, 'east': 80.05758, 'north': 9.69279}",24-Dec-2022 00:00:00,30-Dec-2022 00:00:00,Data/Error File/en_640feff0076ea_Vol_50_no_01-english.pdf
Dysentery,1,Jaffna,LKA,city,9.65876,80.01907,"{'west': 79.99777, 'south': 9.646, 'east': 80.05758, 'north': 9.69279}",24-Dec-2022 00:00:00,30-Dec-2022 00:00:00,Data/Error File/en_640feff0076ea_Vol_50_no_01-english.pdf
Encephalitis,0,Jaffna,LKA,city,9.65876,80.01907,"{'west': 79.99777, 'south': 9.646, 'east': 80.05758, 'north': 9.69279}",24-Dec-2022 00:00:00,30-Dec-2022 00:00:00,Data/Error File/en_640feff0076ea_Vol_50_no_01-english.pdf
Enteric Fever,0,Jaffna,LKA,city,9.65876,80.01907,"{'west': 79.99777, 'south': 9.646, 'east': 80.05758, 'north': 9.69279}",24-Dec-2022 00:00:00,30-Dec-2022 00:00:00,Data/Error File/en_640feff0076ea_Vol_50_no_01-english.pdf
Food Poisoning,4,Jaffna,LKA,city,9.65876,80.01907,"{'west': 79.99777, 'south': 9.646, 'east': 80.05758, 'north': 9.69279}",24-Dec-2022 00:00:00,30-Dec-2022 00:00:00,Data/Error File/en_640feff0076ea_Vol_50_no_01-english.pdf
Leptospirosis,0,Jaffna,LKA,city,9.65876,80.01907,"{'west': 79.99777, 'south': 9.646, 'east': 80.05758, 'north': 9.69279}",24-Dec-2022 00:00:00,30-Dec-2022 00:00:00,Data/Error File/en_640feff0076ea_Vol_50_no_01-english.pdf
Typhus Fever,59,Jaffna,LKA,city,9.65876,80.01907,"{'west': 79.99777, 'south': 9.646, 'east': 80.05758, 'north': 9.69279}",24-Dec-2022 00:00:00,30-Dec-2022 00:00:00,Data/Error File/en_640feff0076ea_Vol_50_no_01-english.pdf
Viral Hepatitis,0,Jaffna,LKA,city,9.65876,80.01907,"{'west': 79.99777, 'south': 9.646, 'east': 80.05758, 'north': 9.69279}",24-Dec-2022 00:00:00,30-Dec-2022 00:00:00,Data/Error File/en_640feff0076ea_Vol_50_no_01-english.pdf
Human Rabies,0,Jaffna,LKA,city,9.65876,80.01907,"{'west': 79.99777, 'south': 9.646, 'east': 80.05758, 'north': 9.69279}",24-Dec-2022 00:00:00,30-Dec-2022 00:00:00,Data/Error File/en_640feff0076ea_Vol_50_no_01-english.pdf
Chickenpox,9,Jaffna,LKA,city,9.65876,80.01907,"{'west': 79.99777, 'south': 9.646, 'east': 80.05758, 'north': 9.69279}",24-Dec-2022 00:00:00,30-Dec-2022 00:00:00,Data/Error File/en_640feff0076ea_Vol_50_no_01-english.pdf
Meningitis,1,Jaffna,LKA,city,9.65876,80.01907,"{'west': 79.99777, 'south': 9.646, 'east': 80.05758, 'north': 9.69279}",24-Dec-2022 00:00:00,30-Dec-2022 00:00:00,Data/Error File/en_640feff0076ea_Vol_50_no_01-english.pdf
Leishmaniasis,0,Jaffna,LKA,city,9.65876,80.01907,"{'west': 79.99777, 'south': 9.646, 'east': 80.05758, 'north': 9.69279}",24-Dec-2022 00:00:00,30-Dec-2022 00:00:00,Data/Error File/en_640feff0076ea_Vol_50_no_01-english.pdf
Dengue Fever,8,Kilinochchi,LKA,city,9.40854,80.40766,"{'west': 80.35301, 'south': 9.30657, 'east': 80.45792, 'north': 9.4388}",24-Dec-2022 00:00:00,30-Dec-2022 00:00:00,Data/Error File/en_640feff0076ea_Vol_50_no_01-english.pdf
Dysentery,0,Kilinochchi,LKA,city,9.40854,80.40766,"{'west': 80.35301, 'south': 9.30657, 'east': 80.45792, 'north': 9.4388}",24-Dec-2022 00:00:00,30-Dec-2022 00:00:00,Data/Error File/en_640feff0076ea_Vol_50_no_01-english.pdf
Encephalitis,0,Kilinochchi,LKA,city,9.40854,80.40766,"{'west': 80.35301, 'south': 9.30657, 'east': 80.45792, 'north': 9.4388}",24-Dec-2022 00:00:00,30-Dec-2022 00:00:00,Data/Error File/en_640feff0076ea_Vol_50_no_01-english.pdf
Enteric Fever,0,Kilinochchi,LKA,city,9.40854,80.40766,"{'west': 80.35301, 'south': 9.30657, 'east': 80.45792, 'north': 9.4388}",24-Dec-2022 00:00:00,30-Dec-2022 00:00:00,Data/Error File/en_640feff0076ea_Vol_50_no_01-english.pdf
Food Poisoning,0,Kilinochchi,LKA,city,9.40854,80.40766,"{'west': 80.35301, 'south': 9.30657, 'east': 80.45792, 'north': 9.4388}",24-Dec-2022 00:00:00,30-Dec-2022 00:00:00,Data/Error File/en_640feff0076ea_Vol_50_no_01-english.pdf
Leptospirosis,0,Kilinochchi,LKA,city,9.40854,80.40766,"{'west': 80.35301, 'south': 9.30657, 'east': 80.45792, 'north': 9.4388}",24-Dec-2022 00:00:00,30-Dec-2022 00:00:00,Data/Error File/en_640feff0076ea_Vol_50_no_01-english.pdf
Typhus Fever,2,Kilinochchi,LKA,city,9.40854,80.40766,"{'west': 80.35301, 'south': 9.30657, 'east': 80.45792, 'north': 9.4388}",24-Dec-2022 00:00:00,30-Dec-2022 00:00:00,Data/Error File/en_640feff0076ea_Vol_50_no_01-english.pdf
Viral Hepatitis,0,Kilinochchi,LKA,city,9.40854,80.40766,"{'west': 80.35301, 'south': 9.30657, 'east': 80.45792, 'north': 9.4388}",24-Dec-2022 00:00:00,30-Dec-2022 00:00:00,Data/Error File/en_640feff0076ea_Vol_50_no_01-english.pdf
Human Rabies,0,Kilinochchi,LKA,city,9.40854,80.40766,"{'west': 80.35301, 'south': 9.30657, 'east': 80.45792, 'north': 9.4388}",24-Dec-2022 00:00:00,30-Dec-2022 00:00:00,Data/Error File/en_640feff0076ea_Vol_50_no_01-english.pdf
Chickenpox,0,Kilinochchi,LKA,city,9.40854,80.40766,"{'west': 80.35301, 'south': 9.30657, 'east': 80.45792, 'north': 9.4388}",24-Dec-2022 00:00:00,30-Dec-2022 00:00:00,Data/Error File/en_640feff0076ea_Vol_50_no_01-english.pdf
Meningitis,0,Kilinochchi,LKA,city,9.40854,80.40766,"{'west': 80.35301, 'south': 9.30657, 'east': 80.45792, 'north': 9.4388}",24-Dec-2022 00:00:00,30-Dec-2022 00:00:00,Data/Error File/en_640feff0076ea_Vol_50_no_01-english.pdf
Leishmaniasis,0,Kilinochchi,LKA,city,9.40854,80.40766,"{'west': 80.35301, 'south': 9.30657, 'east': 80.45792, 'north': 9.4388}",24-Dec-2022 00:00:00,30-Dec-2022 00:00:00,Data/Error File/en_640feff0076ea_Vol_50_no_01-english.pdf
Dengue Fever,7,Mannar,LKA,city,8.98508,79.90976,"{'west': 79.89545, 'south': 8.96972, 'east': 79.92752, 'north': 8.99724}",24-Dec-2022 00:00:00,30-Dec-2022 00:00:00,Data/Error File/en_640feff0076ea_Vol_50_no_01-english.pdf
Dysentery,0,Mannar,LKA,city,8.98508,79.90976,"{'west': 79.89545, 'south': 8.96972, 'east': 79.92752, 'north': 8.99724}",24-Dec-2022 00:00:00,30-Dec-2022 00:00:00,Data/Error File/en_640feff0076ea_Vol_50_no_01-english.pdf
Encephalitis,0,Mannar,LKA,city,8.98508,79.90976,"{'west': 79.89545, 'south': 8.96972, 'east': 79.92752, 'north': 8.99724}",24-Dec-2022 00:00:00,30-Dec-2022 00:00:00,Data/Error File/en_640feff0076ea_Vol_50_no_01-english.pdf
Enteric Fever,0,Mannar,LKA,city,8.98508,79.90976,"{'west': 79.89545, 'south': 8.96972, 'east': 79.92752, 'north': 8.99724}",24-Dec-2022 00:00:00,30-Dec-2022 00:00:00,Data/Error File/en_640feff0076ea_Vol_50_no_01-english.pdf
Food Poisoning,0,Mannar,LKA,city,8.98508,79.90976,"{'west': 79.89545, 'south': 8.96972, 'east': 79.92752, 'north': 8.99724}",24-Dec-2022 00:00:00,30-Dec-2022 00:00:00,Data/Error File/en_640feff0076ea_Vol_50_no_01-english.pdf
Leptospirosis,1,Mannar,LKA,city,8.98508,79.90976,"{'west': 79.89545, 'south': 8.96972, 'east': 79.92752, 'north': 8.99724}",24-Dec-2022 00:00:00,30-Dec-2022 00:00:00,Data/Error File/en_640feff0076ea_Vol_50_no_01-english.pdf
Typhus Fever,0,Mannar,LKA,city,8.98508,79.90976,"{'west': 79.89545, 'south': 8.96972, 'east': 79.92752, 'north': 8.99724}",24-Dec-2022 00:00:00,30-Dec-2022 00:00:00,Data/Error File/en_640feff0076ea_Vol_50_no_01-english.pdf
Viral Hepatitis,0,Mannar,LKA,city,8.98508,79.90976,"{'west': 79.89545, 'south': 8.96972, 'east': 79.92752, 'north': 8.99724}",24-Dec-2022 00:00:00,30-Dec-2022 00:00:00,Data/Error File/en_640feff0076ea_Vol_50_no_01-english.pdf
Human Rabies,0,Mannar,LKA,city,8.98508,79.90976,"{'west': 79.89545, 'south': 8.96972, 'east': 79.92752, 'north': 8.99724}",24-Dec-2022 00:00:00,30-Dec-2022 00:00:00,Data/Error File/en_640feff0076ea_Vol_50_no_01-english.pdf
Chickenpox,1,Mannar,LKA,city,8.98508,79.90976,"{'west': 79.89545, 'south': 8.96972, 'east': 79.92752, 'north': 8.99724}",24-Dec-2022 00:00:00,30-Dec-2022 00:00:00,Data/Error File/en_640feff0076ea_Vol_50_no_01-english.pdf
Meningitis,0,Mannar,LKA,city,8.98508,79.90976,"{'west': 79.89545, 'south': 8.96972, 'east': 79.92752, 'north': 8.99724}",24-Dec-2022 00:00:00,30-Dec-2022 00:00:00,Data/Error File/en_640feff0076ea_Vol_50_no_01-english.pdf
Leishmaniasis,0,Mannar,LKA,city,8.98508,79.90976,"{'west': 79.89545, 'south': 8.96972, 'east': 79.92752, 'north': 8.99724}",24-Dec-2022 00:00:00,30-Dec-2022 00:00:00,Data/Error File/en_640feff0076ea_Vol_50_no_01-english.pdf
Dengue Fever,1,Vavuniya,LKA,city,8.75888,80.49993,"{'west': 80.40041, 'south': 8.71375, 'east': 80.55008, 'north': 8.8121}",24-Dec-2022 00:00:00,30-Dec-2022 00:00:00,Data/Error File/en_640feff0076ea_Vol_50_no_01-english.pdf
Dysentery,0,Vavuniya,LKA,city,8.75888,80.49993,"{'west': 80.40041, 'south': 8.71375, 'east': 80.55008, 'north': 8.8121}",24-Dec-2022 00:00:00,30-Dec-2022 00:00:00,Data/Error File/en_640feff0076ea_Vol_50_no_01-english.pdf
Encephalitis,0,Vavuniya,LKA,city,8.75888,80.49993,"{'west': 80.40041, 'south': 8.71375, 'east': 80.55008, 'north': 8.8121}",24-Dec-2022 00:00:00,30-Dec-2022 00:00:00,Data/Error File/en_640feff0076ea_Vol_50_no_01-english.pdf
Enteric Fever,0,Vavuniya,LKA,city,8.75888,80.49993,"{'west': 80.40041, 'south': 8.71375, 'east': 80.55008, 'north': 8.8121}",24-Dec-2022 00:00:00,30-Dec-2022 00:00:00,Data/Error File/en_640feff0076ea_Vol_50_no_01-english.pdf
Food Poisoning,0,Vavuniya,LKA,city,8.75888,80.49993,"{'west': 80.40041, 'south': 8.71375, 'east': 80.55008, 'north': 8.8121}",24-Dec-2022 00:00:00,30-Dec-2022 00:00:00,Data/Error File/en_640feff0076ea_Vol_50_no_01-english.pdf
Leptospirosis,0,Vavuniya,LKA,city,8.75888,80.49993,"{'west': 80.40041, 'south': 8.71375, 'east': 80.55008, 'north': 8.8121}",24-Dec-2022 00:00:00,30-Dec-2022 00:00:00,Data/Error File/en_640feff0076ea_Vol_50_no_01-english.pdf
Typhus Fever,0,Vavuniya,LKA,city,8.75888,80.49993,"{'west': 80.40041, 'south': 8.71375, 'east': 80.55008, 'north': 8.8121}",24-Dec-2022 00:00:00,30-Dec-2022 00:00:00,Data/Error File/en_640feff0076ea_Vol_50_no_01-english.pdf
Viral Hepatitis,0,Vavuniya,LKA,city,8.75888,80.49993,"{'west': 80.40041, 'south': 8.71375, 'east': 80.55008, 'north': 8.8121}",24-Dec-2022 00:00:00,30-Dec-2022 00:00:00,Data/Error File/en_640feff0076ea_Vol_50_no_01-english.pdf
Human Rabies,0,Vavuniya,LKA,city,8.75888,80.49993,"{'west': 80.40041, 'south': 8.71375, 'east': 80.55008, 'north': 8.8121}",24-Dec-2022 00:00:00,30-Dec-2022 00:00:00,Data/Error File/en_640feff0076ea_Vol_50_no_01-english.pdf
Chickenpox,1,Vavuniya,LKA,city,8.75888,80.49993,"{'west': 80.40041, 'south': 8.71375, 'east': 80.55008, 'north': 8.8121}",24-Dec-2022 00:00:00,30-Dec-2022 00:00:00,Data/Error File/en_640feff0076ea_Vol_50_no_01-english.pdf
Meningitis,0,Vavuniya,LKA,city,8.75888,80.49993,"{'west': 80.40041, 'south': 8.71375, 'east': 80.55008, 'north': 8.8121}",24-Dec-2022 00:00:00,30-Dec-2022 00:00:00,Data/Error File/en_640feff0076ea_Vol_50_no_01-english.pdf
Leishmaniasis,0,Vavuniya,LKA,city,8.75888,80.49993,"{'west': 80.40041, 'south': 8.71375, 'east': 80.55008, 'north': 8.8121}",24-Dec-2022 00:00:00,30-Dec-2022 00:00:00,Data/Error File/en_640feff0076ea_Vol_50_no_01-english.pdf
Dengue Fever,4,Mullaitivu,LKA,city,9.26533,80.8115,"{'west': 80.7902, 'south': 9.20712, 'east': 80.84548, 'north': 9.28467}",24-Dec-2022 00:00:00,30-Dec-2022 00:00:00,Data/Error File/en_640feff0076ea_Vol_50_no_01-english.pdf
Dysentery,0,Mullaitivu,LKA,city,9.26533,80.8115,"{'west': 80.7902, 'south': 9.20712, 'east': 80.84548, 'north': 9.28467}",24-Dec-2022 00:00:00,30-Dec-2022 00:00:00,Data/Error File/en_640feff0076ea_Vol_50_no_01-english.pdf
Encephalitis,0,Mullaitivu,LKA,city,9.26533,80.8115,"{'west': 80.7902, 'south': 9.20712, 'east': 80.84548, 'north': 9.28467}",24-Dec-2022 00:00:00,30-Dec-2022 00:00:00,Data/Error File/en_640feff0076ea_Vol_50_no_01-english.pdf
Enteric Fever,0,Mullaitivu,LKA,city,9.26533,80.8115,"{'west': 80.7902, 'south': 9.20712, 'east': 80.84548, 'north': 9.28467}",24-Dec-2022 00:00:00,30-Dec-2022 00:00:00,Data/Error File/en_640feff0076ea_Vol_50_no_01-english.pdf
Food Poisoning,0,Mullaitivu,LKA,city,9.26533,80.8115,"{'west': 80.7902, 'south': 9.20712, 'east': 80.84548, 'north': 9.28467}",24-Dec-2022 00:00:00,30-Dec-2022 00:00:00,Data/Error File/en_640feff0076ea_Vol_50_no_01-english.pdf
Leptospirosis,1,Mullaitivu,LKA,city,9.26533,80.8115,"{'west': 80.7902, 'south': 9.20712, 'east': 80.84548, 'north': 9.28467}",24-Dec-2022 00:00:00,30-Dec-2022 00:00:00,Data/Error File/en_640feff0076ea_Vol_50_no_01-english.pdf
Typhus Fever,0,Mullaitivu,LKA,city,9.26533,80.8115,"{'west': 80.7902, 'south': 9.20712, 'east': 80.84548, 'north': 9.28467}",24-Dec-2022 00:00:00,30-Dec-2022 00:00:00,Data/Error File/en_640feff0076ea_Vol_50_no_01-english.pdf
Viral Hepatitis,0,Mullaitivu,LKA,city,9.26533,80.8115,"{'west': 80.7902, 'south': 9.20712, 'east': 80.84548, 'north': 9.28467}",24-Dec-2022 00:00:00,30-Dec-2022 00:00:00,Data/Error File/en_640feff0076ea_Vol_50_no_01-english.pdf
Human Rabies,0,Mullaitivu,LKA,city,9.26533,80.8115,"{'west': 80.7902, 'south': 9.20712, 'east': 80.84548, 'north': 9.28467}",24-Dec-2022 00:00:00,30-Dec-2022 00:00:00,Data/Error File/en_640feff0076ea_Vol_50_no_01-english.pdf
Chickenpox,0,Mullaitivu,LKA,city,9.26533,80.8115,"{'west': 80.7902, 'south': 9.20712, 'east': 80.84548, 'north': 9.28467}",24-Dec-2022 00:00:00,30-Dec-2022 00:00:00,Data/Error File/en_640feff0076ea_Vol_50_no_01-english.pdf
Meningitis,0,Mullaitivu,LKA,city,9.26533,80.8115,"{'west': 80.7902, 'south': 9.20712, 'east': 80.84548, 'north': 9.28467}",24-Dec-2022 00:00:00,30-Dec-2022 00:00:00,Data/Error File/en_640feff0076ea_Vol_50_no_01-english.pdf
Leishmaniasis,0,Mullaitivu,LKA,city,9.26533,80.8115,"{'west': 80.7902, 'south': 9.20712, 'east': 80.84548, 'north': 9.28467}",24-Dec-2022 00:00:00,30-Dec-2022 00:00:00,Data/Error File/en_640feff0076ea_Vol_50_no_01-english.pdf
Dengue Fever,23,Batticaloa,LKA,city,7.72066,81.6955,"{'west': 81.65274, 'south': 7.70261, 'east': 81.7078, 'north': 7.76642}",24-Dec-2022 00:00:00,30-Dec-2022 00:00:00,Data/Error File/en_640feff0076ea_Vol_50_no_01-english.pdf
Dysentery,9,Batticaloa,LKA,city,7.72066,81.6955,"{'west': 81.65274, 'south': 7.70261, 'east': 81.7078, 'north': 7.76642}",24-Dec-2022 00:00:00,30-Dec-2022 00:00:00,Data/Error File/en_640feff0076ea_Vol_50_no_01-english.pdf
Encephalitis,0,Batticaloa,LKA,city,7.72066,81.6955,"{'west': 81.65274, 'south': 7.70261, 'east': 81.7078, 'north': 7.76642}",24-Dec-2022 00:00:00,30-Dec-2022 00:00:00,Data/Error File/en_640feff0076ea_Vol_50_no_01-english.pdf
Enteric Fever,0,Batticaloa,LKA,city,7.72066,81.6955,"{'west': 81.65274, 'south': 7.70261, 'east': 81.7078, 'north': 7.76642}",24-Dec-2022 00:00:00,30-Dec-2022 00:00:00,Data/Error File/en_640feff0076ea_Vol_50_no_01-english.pdf
Food Poisoning,1,Batticaloa,LKA,city,7.72066,81.6955,"{'west': 81.65274, 'south': 7.70261, 'east': 81.7078, 'north': 7.76642}",24-Dec-2022 00:00:00,30-Dec-2022 00:00:00,Data/Error File/en_640feff0076ea_Vol_50_no_01-english.pdf
Leptospirosis,2,Batticaloa,LKA,city,7.72066,81.6955,"{'west': 81.65274, 'south': 7.70261, 'east': 81.7078, 'north': 7.76642}",24-Dec-2022 00:00:00,30-Dec-2022 00:00:00,Data/Error File/en_640feff0076ea_Vol_50_no_01-english.pdf
Typhus Fever,0,Batticaloa,LKA,city,7.72066,81.6955,"{'west': 81.65274, 'south': 7.70261, 'east': 81.7078, 'north': 7.76642}",24-Dec-2022 00:00:00,30-Dec-2022 00:00:00,Data/Error File/en_640feff0076ea_Vol_50_no_01-english.pdf
Viral Hepatitis,1,Batticaloa,LKA,city,7.72066,81.6955,"{'west': 81.65274, 'south': 7.70261, 'east': 81.7078, 'north': 7.76642}",24-Dec-2022 00:00:00,30-Dec-2022 00:00:00,Data/Error File/en_640feff0076ea_Vol_50_no_01-english.pdf
Human Rabies,0,Batticaloa,LKA,city,7.72066,81.6955,"{'west': 81.65274, 'south': 7.70261, 'east': 81.7078, 'north': 7.76642}",24-Dec-2022 00:00:00,30-Dec-2022 00:00:00,Data/Error File/en_640feff0076ea_Vol_50_no_01-english.pdf
Chickenpox,4,Batticaloa,LKA,city,7.72066,81.6955,"{'west': 81.65274, 'south': 7.70261, 'east': 81.7078, 'north': 7.76642}",24-Dec-2022 00:00:00,30-Dec-2022 00:00:00,Data/Error File/en_640feff0076ea_Vol_50_no_01-english.pdf
Meningitis,1,Batticaloa,LKA,city,7.72066,81.6955,"{'west': 81.65274, 'south': 7.70261, 'east': 81.7078, 'north': 7.76642}",24-Dec-2022 00:00:00,30-Dec-2022 00:00:00,Data/Error File/en_640feff0076ea_Vol_50_no_01-english.pdf
Leishmaniasis,0,Batticaloa,LKA,city,7.72066,81.6955,"{'west': 81.65274, 'south': 7.70261, 'east': 81.7078, 'north': 7.76642}",24-Dec-2022 00:00:00,30-Dec-2022 00:00:00,Data/Error File/en_640feff0076ea_Vol_50_no_01-english.pdf
Dengue Fever,3,Ampara,LKA,city,7.29173,81.67835,"{'west': 81.62709, 'south': 7.27196, 'east': 81.71644, 'north': 7.32984}",24-Dec-2022 00:00:00,30-Dec-2022 00:00:00,Data/Error File/en_640feff0076ea_Vol_50_no_01-english.pdf
Dysentery,0,Ampara,LKA,city,7.29173,81.67835,"{'west': 81.62709, 'south': 7.27196, 'east': 81.71644, 'north': 7.32984}",24-Dec-2022 00:00:00,30-Dec-2022 00:00:00,Data/Error File/en_640feff0076ea_Vol_50_no_01-english.pdf
Encephalitis,0,Ampara,LKA,city,7.29173,81.67835,"{'west': 81.62709, 'south': 7.27196, 'east': 81.71644, 'north': 7.32984}",24-Dec-2022 00:00:00,30-Dec-2022 00:00:00,Data/Error File/en_640feff0076ea_Vol_50_no_01-english.pdf
Enteric Fever,0,Ampara,LKA,city,7.29173,81.67835,"{'west': 81.62709, 'south': 7.27196, 'east': 81.71644, 'north': 7.32984}",24-Dec-2022 00:00:00,30-Dec-2022 00:00:00,Data/Error File/en_640feff0076ea_Vol_50_no_01-english.pdf
Food Poisoning,0,Ampara,LKA,city,7.29173,81.67835,"{'west': 81.62709, 'south': 7.27196, 'east': 81.71644, 'north': 7.32984}",24-Dec-2022 00:00:00,30-Dec-2022 00:00:00,Data/Error File/en_640feff0076ea_Vol_50_no_01-english.pdf
Leptospirosis,0,Ampara,LKA,city,7.29173,81.67835,"{'west': 81.62709, 'south': 7.27196, 'east': 81.71644, 'north': 7.32984}",24-Dec-2022 00:00:00,30-Dec-2022 00:00:00,Data/Error File/en_640feff0076ea_Vol_50_no_01-english.pdf
Typhus Fever,0,Ampara,LKA,city,7.29173,81.67835,"{'west': 81.62709, 'south': 7.27196, 'east': 81.71644, 'north': 7.32984}",24-Dec-2022 00:00:00,30-Dec-2022 00:00:00,Data/Error File/en_640feff0076ea_Vol_50_no_01-english.pdf
Viral Hepatitis,0,Ampara,LKA,city,7.29173,81.67835,"{'west': 81.62709, 'south': 7.27196, 'east': 81.71644, 'north': 7.32984}",24-Dec-2022 00:00:00,30-Dec-2022 00:00:00,Data/Error File/en_640feff0076ea_Vol_50_no_01-english.pdf
Human Rabies,0,Ampara,LKA,city,7.29173,81.67835,"{'west': 81.62709, 'south': 7.27196, 'east': 81.71644, 'north': 7.32984}",24-Dec-2022 00:00:00,30-Dec-2022 00:00:00,Data/Error File/en_640feff0076ea_Vol_50_no_01-english.pdf
Chickenpox,0,Ampara,LKA,city,7.29173,81.67835,"{'west': 81.62709, 'south': 7.27196, 'east': 81.71644, 'north': 7.32984}",24-Dec-2022 00:00:00,30-Dec-2022 00:00:00,Data/Error File/en_640feff0076ea_Vol_50_no_01-english.pdf
Meningitis,0,Ampara,LKA,city,7.29173,81.67835,"{'west': 81.62709, 'south': 7.27196, 'east': 81.71644, 'north': 7.32984}",24-Dec-2022 00:00:00,30-Dec-2022 00:00:00,Data/Error File/en_640feff0076ea_Vol_50_no_01-english.pdf
Leishmaniasis,0,Ampara,LKA,city,7.29173,81.67835,"{'west': 81.62709, 'south': 7.27196, 'east': 81.71644, 'north': 7.32984}",24-Dec-2022 00:00:00,30-Dec-2022 00:00:00,Data/Error File/en_640feff0076ea_Vol_50_no_01-english.pdf
Dengue Fever,23,Trincomalee,LKA,city,8.57743,81.22461,"{'west': 81.20242, 'south': 8.53133, 'east': 81.24647, 'north': 8.59751}",24-Dec-2022 00:00:00,30-Dec-2022 00:00:00,Data/Error File/en_640feff0076ea_Vol_50_no_01-english.pdf
Dysentery,1,Trincomalee,LKA,city,8.57743,81.22461,"{'west': 81.20242, 'south': 8.53133, 'east': 81.24647, 'north': 8.59751}",24-Dec-2022 00:00:00,30-Dec-2022 00:00:00,Data/Error File/en_640feff0076ea_Vol_50_no_01-english.pdf
Encephalitis,0,Trincomalee,LKA,city,8.57743,81.22461,"{'west': 81.20242, 'south': 8.53133, 'east': 81.24647, 'north': 8.59751}",24-Dec-2022 00:00:00,30-Dec-2022 00:00:00,Data/Error File/en_640feff0076ea_Vol_50_no_01-english.pdf
Enteric Fever,0,Trincomalee,LKA,city,8.57743,81.22461,"{'west': 81.20242, 'south': 8.53133, 'east': 81.24647, 'north': 8.59751}",24-Dec-2022 00:00:00,30-Dec-2022 00:00:00,Data/Error File/en_640feff0076ea_Vol_50_no_01-english.pdf
Food Poisoning,0,Trincomalee,LKA,city,8.57743,81.22461,"{'west': 81.20242, 'south': 8.53133, 'east': 81.24647, 'north': 8.59751}",24-Dec-2022 00:00:00,30-Dec-2022 00:00:00,Data/Error File/en_640feff0076ea_Vol_50_no_01-english.pdf
Leptospirosis,1,Trincomalee,LKA,city,8.57743,81.22461,"{'west': 81.20242, 'south': 8.53133, 'east': 81.24647, 'north': 8.59751}",24-Dec-2022 00:00:00,30-Dec-2022 00:00:00,Data/Error File/en_640feff0076ea_Vol_50_no_01-english.pdf
Typhus Fever,0,Trincomalee,LKA,city,8.57743,81.22461,"{'west': 81.20242, 'south': 8.53133, 'east': 81.24647, 'north': 8.59751}",24-Dec-2022 00:00:00,30-Dec-2022 00:00:00,Data/Error File/en_640feff0076ea_Vol_50_no_01-english.pdf
Viral Hepatitis,0,Trincomalee,LKA,city,8.57743,81.22461,"{'west': 81.20242, 'south': 8.53133, 'east': 81.24647, 'north': 8.59751}",24-Dec-2022 00:00:00,30-Dec-2022 00:00:00,Data/Error File/en_640feff0076ea_Vol_50_no_01-english.pdf
Human Rabies,0,Trincomalee,LKA,city,8.57743,81.22461,"{'west': 81.20242, 'south': 8.53133, 'east': 81.24647, 'north': 8.59751}",24-Dec-2022 00:00:00,30-Dec-2022 00:00:00,Data/Error File/en_640feff0076ea_Vol_50_no_01-english.pdf
Chickenpox,4,Trincomalee,LKA,city,8.57743,81.22461,"{'west': 81.20242, 'south': 8.53133, 'east': 81.24647, 'north': 8.59751}",24-Dec-2022 00:00:00,30-Dec-2022 00:00:00,Data/Error File/en_640feff0076ea_Vol_50_no_01-english.pdf
Meningitis,1,Trincomalee,LKA,city,8.57743,81.22461,"{'west': 81.20242, 'south': 8.53133, 'east': 81.24647, 'north': 8.59751}",24-Dec-2022 00:00:00,30-Dec-2022 00:00:00,Data/Error File/en_640feff0076ea_Vol_50_no_01-english.pdf
Leishmaniasis,0,Trincomalee,LKA,city,8.57743,81.22461,"{'west': 81.20242, 'south': 8.53133, 'east': 81.24647, 'north': 8.59751}",24-Dec-2022 00:00:00,30-Dec-2022 00:00:00,Data/Error File/en_640feff0076ea_Vol_50_no_01-english.pdf
Dengue Fever,51,Kurunegala,LKA,city,7.48886,80.36227,"{'west': 80.32385, 'south': 7.4446, 'east': 80.38056, 'north': 7.50899}",24-Dec-2022 00:00:00,30-Dec-2022 00:00:00,Data/Error File/en_640feff0076ea_Vol_50_no_01-english.pdf
Dysentery,0,Kurunegala,LKA,city,7.48886,80.36227,"{'west': 80.32385, 'south': 7.4446, 'east': 80.38056, 'north': 7.50899}",24-Dec-2022 00:00:00,30-Dec-2022 00:00:00,Data/Error File/en_640feff0076ea_Vol_50_no_01-english.pdf
Encephalitis,0,Kurunegala,LKA,city,7.48886,80.36227,"{'west': 80.32385, 'south': 7.4446, 'east': 80.38056, 'north': 7.50899}",24-Dec-2022 00:00:00,30-Dec-2022 00:00:00,Data/Error File/en_640feff0076ea_Vol_50_no_01-english.pdf
Enteric Fever,0,Kurunegala,LKA,city,7.48886,80.36227,"{'west': 80.32385, 'south': 7.4446, 'east': 80.38056, 'north': 7.50899}",24-Dec-2022 00:00:00,30-Dec-2022 00:00:00,Data/Error File/en_640feff0076ea_Vol_50_no_01-english.pdf
Food Poisoning,0,Kurunegala,LKA,city,7.48886,80.36227,"{'west': 80.32385, 'south': 7.4446, 'east': 80.38056, 'north': 7.50899}",24-Dec-2022 00:00:00,30-Dec-2022 00:00:00,Data/Error File/en_640feff0076ea_Vol_50_no_01-english.pdf
Leptospirosis,10,Kurunegala,LKA,city,7.48886,80.36227,"{'west': 80.32385, 'south': 7.4446, 'east': 80.38056, 'north': 7.50899}",24-Dec-2022 00:00:00,30-Dec-2022 00:00:00,Data/Error File/en_640feff0076ea_Vol_50_no_01-english.pdf
Typhus Fever,1,Kurunegala,LKA,city,7.48886,80.36227,"{'west': 80.32385, 'south': 7.4446, 'east': 80.38056, 'north': 7.50899}",24-Dec-2022 00:00:00,30-Dec-2022 00:00:00,Data/Error File/en_640feff0076ea_Vol_50_no_01-english.pdf
Viral Hepatitis,0,Kurunegala,LKA,city,7.48886,80.36227,"{'west': 80.32385, 'south': 7.4446, 'east': 80.38056, 'north': 7.50899}",24-Dec-2022 00:00:00,30-Dec-2022 00:00:00,Data/Error File/en_640feff0076ea_Vol_50_no_01-english.pdf
Human Rabies,0,Kurunegala,LKA,city,7.48886,80.36227,"{'west': 80.32385, 'south': 7.4446, 'east': 80.38056, 'north': 7.50899}",24-Dec-2022 00:00:00,30-Dec-2022 00:00:00,Data/Error File/en_640feff0076ea_Vol_50_no_01-english.pdf
Chickenpox,5,Kurunegala,LKA,city,7.48886,80.36227,"{'west': 80.32385, 'south': 7.4446, 'east': 80.38056, 'north': 7.50899}",24-Dec-2022 00:00:00,30-Dec-2022 00:00:00,Data/Error File/en_640feff0076ea_Vol_50_no_01-english.pdf
Meningitis,5,Kurunegala,LKA,city,7.48886,80.36227,"{'west': 80.32385, 'south': 7.4446, 'east': 80.38056, 'north': 7.50899}",24-Dec-2022 00:00:00,30-Dec-2022 00:00:00,Data/Error File/en_640feff0076ea_Vol_50_no_01-english.pdf
Leishmaniasis,10,Kurunegala,LKA,city,7.48886,80.36227,"{'west': 80.32385, 'south': 7.4446, 'east': 80.38056, 'north': 7.50899}",24-Dec-2022 00:00:00,30-Dec-2022 00:00:00,Data/Error File/en_640feff0076ea_Vol_50_no_01-english.pdf
Dengue Fever,21,Puttalam,LKA,city,8.02739,79.83554,"{'west': 79.82815, 'south': 8.01447, 'east': 79.84264, 'north': 8.03154}",24-Dec-2022 00:00:00,30-Dec-2022 00:00:00,Data/Error File/en_640feff0076ea_Vol_50_no_01-english.pdf
Dysentery,0,Puttalam,LKA,city,8.02739,79.83554,"{'west': 79.82815, 'south': 8.01447, 'east': 79.84264, 'north': 8.03154}",24-Dec-2022 00:00:00,30-Dec-2022 00:00:00,Data/Error File/en_640feff0076ea_Vol_50_no_01-english.pdf
Encephalitis,0,Puttalam,LKA,city,8.02739,79.83554,"{'west': 79.82815, 'south': 8.01447, 'east': 79.84264, 'north': 8.03154}",24-Dec-2022 00:00:00,30-Dec-2022 00:00:00,Data/Error File/en_640feff0076ea_Vol_50_no_01-english.pdf
Enteric Fever,0,Puttalam,LKA,city,8.02739,79.83554,"{'west': 79.82815, 'south': 8.01447, 'east': 79.84264, 'north': 8.03154}",24-Dec-2022 00:00:00,30-Dec-2022 00:00:00,Data/Error File/en_640feff0076ea_Vol_50_no_01-english.pdf
Food Poisoning,0,Puttalam,LKA,city,8.02739,79.83554,"{'west': 79.82815, 'south': 8.01447, 'east': 79.84264, 'north': 8.03154}",24-Dec-2022 00:00:00,30-Dec-2022 00:00:00,Data/Error File/en_640feff0076ea_Vol_50_no_01-english.pdf
Leptospirosis,1,Puttalam,LKA,city,8.02739,79.83554,"{'west': 79.82815, 'south': 8.01447, 'east': 79.84264, 'north': 8.03154}",24-Dec-2022 00:00:00,30-Dec-2022 00:00:00,Data/Error File/en_640feff0076ea_Vol_50_no_01-english.pdf
Typhus Fever,0,Puttalam,LKA,city,8.02739,79.83554,"{'west': 79.82815, 'south': 8.01447, 'east': 79.84264, 'north': 8.03154}",24-Dec-2022 00:00:00,30-Dec-2022 00:00:00,Data/Error File/en_640feff0076ea_Vol_50_no_01-english.pdf
Viral Hepatitis,0,Puttalam,LKA,city,8.02739,79.83554,"{'west': 79.82815, 'south': 8.01447, 'east': 79.84264, 'north': 8.03154}",24-Dec-2022 00:00:00,30-Dec-2022 00:00:00,Data/Error File/en_640feff0076ea_Vol_50_no_01-english.pdf
Human Rabies,0,Puttalam,LKA,city,8.02739,79.83554,"{'west': 79.82815, 'south': 8.01447, 'east': 79.84264, 'north': 8.03154}",24-Dec-2022 00:00:00,30-Dec-2022 00:00:00,Data/Error File/en_640feff0076ea_Vol_50_no_01-english.pdf
Chickenpox,2,Puttalam,LKA,city,8.02739,79.83554,"{'west': 79.82815, 'south': 8.01447, 'east': 79.84264, 'north': 8.03154}",24-Dec-2022 00:00:00,30-Dec-2022 00:00:00,Data/Error File/en_640feff0076ea_Vol_50_no_01-english.pdf
Meningitis,2,Puttalam,LKA,city,8.02739,79.83554,"{'west': 79.82815, 'south': 8.01447, 'east': 79.84264, 'north': 8.03154}",24-Dec-2022 00:00:00,30-Dec-2022 00:00:00,Data/Error File/en_640feff0076ea_Vol_50_no_01-english.pdf
Leishmaniasis,0,Puttalam,LKA,city,8.02739,79.83554,"{'west': 79.82815, 'south': 8.01447, 'east': 79.84264, 'north': 8.03154}",24-Dec-2022 00:00:00,30-Dec-2022 00:00:00,Data/Error File/en_640feff0076ea_Vol_50_no_01-english.pdf
Dengue Fever,9,Anuradhapur,LKA,city,8.33021,80.40849,"{'west': 80.39065, 'south': 8.29558, 'east': 80.44005, 'north': 8.35545}",24-Dec-2022 00:00:00,30-Dec-2022 00:00:00,Data/Error File/en_640feff0076ea_Vol_50_no_01-english.pdf
Dysentery,1,Anuradhapur,LKA,city,8.33021,80.40849,"{'west': 80.39065, 'south': 8.29558, 'east': 80.44005, 'north': 8.35545}",24-Dec-2022 00:00:00,30-Dec-2022 00:00:00,Data/Error File/en_640feff0076ea_Vol_50_no_01-english.pdf
Encephalitis,0,Anuradhapur,LKA,city,8.33021,80.40849,"{'west': 80.39065, 'south': 8.29558, 'east': 80.44005, 'north': 8.35545}",24-Dec-2022 00:00:00,30-Dec-2022 00:00:00,Data/Error File/en_640feff0076ea_Vol_50_no_01-english.pdf
Enteric Fever,0,Anuradhapur,LKA,city,8.33021,80.40849,"{'west': 80.39065, 'south': 8.29558, 'east': 80.44005, 'north': 8.35545}",24-Dec-2022 00:00:00,30-Dec-2022 00:00:00,Data/Error File/en_640feff0076ea_Vol_50_no_01-english.pdf
Food Poisoning,0,Anuradhapur,LKA,city,8.33021,80.40849,"{'west': 80.39065, 'south': 8.29558, 'east': 80.44005, 'north': 8.35545}",24-Dec-2022 00:00:00,30-Dec-2022 00:00:00,Data/Error File/en_640feff0076ea_Vol_50_no_01-english.pdf
Leptospirosis,3,Anuradhapur,LKA,city,8.33021,80.40849,"{'west': 80.39065, 'south': 8.29558, 'east': 80.44005, 'north': 8.35545}",24-Dec-2022 00:00:00,30-Dec-2022 00:00:00,Data/Error File/en_640feff0076ea_Vol_50_no_01-english.pdf
Typhus Fever,2,Anuradhapur,LKA,city,8.33021,80.40849,"{'west': 80.39065, 'south': 8.29558, 'east': 80.44005, 'north': 8.35545}",24-Dec-2022 00:00:00,30-Dec-2022 00:00:00,Data/Error File/en_640feff0076ea_Vol_50_no_01-english.pdf
Viral Hepatitis,0,Anuradhapur,LKA,city,8.33021,80.40849,"{'west': 80.39065, 'south': 8.29558, 'east': 80.44005, 'north': 8.35545}",24-Dec-2022 00:00:00,30-Dec-2022 00:00:00,Data/Error File/en_640feff0076ea_Vol_50_no_01-english.pdf
Human Rabies,0,Anuradhapur,LKA,city,8.33021,80.40849,"{'west': 80.39065, 'south': 8.29558, 'east': 80.44005, 'north': 8.35545}",24-Dec-2022 00:00:00,30-Dec-2022 00:00:00,Data/Error File/en_640feff0076ea_Vol_50_no_01-english.pdf
Chickenpox,2,Anuradhapur,LKA,city,8.33021,80.40849,"{'west': 80.39065, 'south': 8.29558, 'east': 80.44005, 'north': 8.35545}",24-Dec-2022 00:00:00,30-Dec-2022 00:00:00,Data/Error File/en_640feff0076ea_Vol_50_no_01-english.pdf
Meningitis,0,Anuradhapur,LKA,city,8.33021,80.40849,"{'west': 80.39065, 'south': 8.29558, 'east': 80.44005, 'north': 8.35545}",24-Dec-2022 00:00:00,30-Dec-2022 00:00:00,Data/Error File/en_640feff0076ea_Vol_50_no_01-english.pdf
Leishmaniasis,6,Anuradhapur,LKA,city,8.33021,80.40849,"{'west': 80.39065, 'south': 8.29558, 'east': 80.44005, 'north': 8.35545}",24-Dec-2022 00:00:00,30-Dec-2022 00:00:00,Data/Error File/en_640feff0076ea_Vol_50_no_01-english.pdf
Dengue Fever,9,Polonnaruwa,LKA,city,7.9422,81.00787,"{'west': 81.00026, 'south': 7.93408, 'east': 81.02119, 'north': 7.94702}",24-Dec-2022 00:00:00,30-Dec-2022 00:00:00,Data/Error File/en_640feff0076ea_Vol_50_no_01-english.pdf
Dysentery,0,Polonnaruwa,LKA,city,7.9422,81.00787,"{'west': 81.00026, 'south': 7.93408, 'east': 81.02119, 'north': 7.94702}",24-Dec-2022 00:00:00,30-Dec-2022 00:00:00,Data/Error File/en_640feff0076ea_Vol_50_no_01-english.pdf
Encephalitis,0,Polonnaruwa,LKA,city,7.9422,81.00787,"{'west': 81.00026, 'south': 7.93408, 'east': 81.02119, 'north': 7.94702}",24-Dec-2022 00:00:00,30-Dec-2022 00:00:00,Data/Error File/en_640feff0076ea_Vol_50_no_01-english.pdf
Enteric Fever,0,Polonnaruwa,LKA,city,7.9422,81.00787,"{'west': 81.00026, 'south': 7.93408, 'east': 81.02119, 'north': 7.94702}",24-Dec-2022 00:00:00,30-Dec-2022 00:00:00,Data/Error File/en_640feff0076ea_Vol_50_no_01-english.pdf
Food Poisoning,0,Polonnaruwa,LKA,city,7.9422,81.00787,"{'west': 81.00026, 'south': 7.93408, 'east': 81.02119, 'north': 7.94702}",24-Dec-2022 00:00:00,30-Dec-2022 00:00:00,Data/Error File/en_640feff0076ea_Vol_50_no_01-english.pdf
Leptospirosis,4,Polonnaruwa,LKA,city,7.9422,81.00787,"{'west': 81.00026, 'south': 7.93408, 'east': 81.02119, 'north': 7.94702}",24-Dec-2022 00:00:00,30-Dec-2022 00:00:00,Data/Error File/en_640feff0076ea_Vol_50_no_01-english.pdf
Typhus Fever,0,Polonnaruwa,LKA,city,7.9422,81.00787,"{'west': 81.00026, 'south': 7.93408, 'east': 81.02119, 'north': 7.94702}",24-Dec-2022 00:00:00,30-Dec-2022 00:00:00,Data/Error File/en_640feff0076ea_Vol_50_no_01-english.pdf
Viral Hepatitis,0,Polonnaruwa,LKA,city,7.9422,81.00787,"{'west': 81.00026, 'south': 7.93408, 'east': 81.02119, 'north': 7.94702}",24-Dec-2022 00:00:00,30-Dec-2022 00:00:00,Data/Error File/en_640feff0076ea_Vol_50_no_01-english.pdf
Human Rabies,0,Polonnaruwa,LKA,city,7.9422,81.00787,"{'west': 81.00026, 'south': 7.93408, 'east': 81.02119, 'north': 7.94702}",24-Dec-2022 00:00:00,30-Dec-2022 00:00:00,Data/Error File/en_640feff0076ea_Vol_50_no_01-english.pdf
Chickenpox,1,Polonnaruwa,LKA,city,7.9422,81.00787,"{'west': 81.00026, 'south': 7.93408, 'east': 81.02119, 'north': 7.94702}",24-Dec-2022 00:00:00,30-Dec-2022 00:00:00,Data/Error File/en_640feff0076ea_Vol_50_no_01-english.pdf
Meningitis,0,Polonnaruwa,LKA,city,7.9422,81.00787,"{'west': 81.00026, 'south': 7.93408, 'east': 81.02119, 'north': 7.94702}",24-Dec-2022 00:00:00,30-Dec-2022 00:00:00,Data/Error File/en_640feff0076ea_Vol_50_no_01-english.pdf
Leishmaniasis,8,Polonnaruwa,LKA,city,7.9422,81.00787,"{'west': 81.00026, 'south': 7.93408, 'east': 81.02119, 'north': 7.94702}",24-Dec-2022 00:00:00,30-Dec-2022 00:00:00,Data/Error File/en_640feff0076ea_Vol_50_no_01-english.pdf
Dengue Fever,29,Badulla,LKA,city,6.99091,81.05319,"{'west': 81.04221, 'south': 6.97368, 'east': 81.06696, 'north': 7.01298}",24-Dec-2022 00:00:00,30-Dec-2022 00:00:00,Data/Error File/en_640feff0076ea_Vol_50_no_01-english.pdf
Dysentery,1,Badulla,LKA,city,6.99091,81.05319,"{'west': 81.04221, 'south': 6.97368, 'east': 81.06696, 'north': 7.01298}",24-Dec-2022 00:00:00,30-Dec-2022 00:00:00,Data/Error File/en_640feff0076ea_Vol_50_no_01-english.pdf
Encephalitis,0,Badulla,LKA,city,6.99091,81.05319,"{'west': 81.04221, 'south': 6.97368, 'east': 81.06696, 'north': 7.01298}",24-Dec-2022 00:00:00,30-Dec-2022 00:00:00,Data/Error File/en_640feff0076ea_Vol_50_no_01-english.pdf
Enteric Fever,0,Badulla,LKA,city,6.99091,81.05319,"{'west': 81.04221, 'south': 6.97368, 'east': 81.06696, 'north': 7.01298}",24-Dec-2022 00:00:00,30-Dec-2022 00:00:00,Data/Error File/en_640feff0076ea_Vol_50_no_01-english.pdf
Food Poisoning,0,Badulla,LKA,city,6.99091,81.05319,"{'west': 81.04221, 'south': 6.97368, 'east': 81.06696, 'north': 7.01298}",24-Dec-2022 00:00:00,30-Dec-2022 00:00:00,Data/Error File/en_640feff0076ea_Vol_50_no_01-english.pdf
Leptospirosis,4,Badulla,LKA,city,6.99091,81.05319,"{'west': 81.04221, 'south': 6.97368, 'east': 81.06696, 'north': 7.01298}",24-Dec-2022 00:00:00,30-Dec-2022 00:00:00,Data/Error File/en_640feff0076ea_Vol_50_no_01-english.pdf
Typhus Fever,2,Badulla,LKA,city,6.99091,81.05319,"{'west': 81.04221, 'south': 6.97368, 'east': 81.06696, 'north': 7.01298}",24-Dec-2022 00:00:00,30-Dec-2022 00:00:00,Data/Error File/en_640feff0076ea_Vol_50_no_01-english.pdf
Viral Hepatitis,0,Badulla,LKA,city,6.99091,81.05319,"{'west': 81.04221, 'south': 6.97368, 'east': 81.06696, 'north': 7.01298}",24-Dec-2022 00:00:00,30-Dec-2022 00:00:00,Data/Error File/en_640feff0076ea_Vol_50_no_01-english.pdf
Human Rabies,0,Badulla,LKA,city,6.99091,81.05319,"{'west': 81.04221, 'south': 6.97368, 'east': 81.06696, 'north': 7.01298}",24-Dec-2022 00:00:00,30-Dec-2022 00:00:00,Data/Error File/en_640feff0076ea_Vol_50_no_01-english.pdf
Chickenpox,2,Badulla,LKA,city,6.99091,81.05319,"{'west': 81.04221, 'south': 6.97368, 'east': 81.06696, 'north': 7.01298}",24-Dec-2022 00:00:00,30-Dec-2022 00:00:00,Data/Error File/en_640feff0076ea_Vol_50_no_01-english.pdf
Meningitis,2,Badulla,LKA,city,6.99091,81.05319,"{'west': 81.04221, 'south': 6.97368, 'east': 81.06696, 'north': 7.01298}",24-Dec-2022 00:00:00,30-Dec-2022 00:00:00,Data/Error File/en_640feff0076ea_Vol_50_no_01-english.pdf
Leishmaniasis,0,Badulla,LKA,city,6.99091,81.05319,"{'west': 81.04221, 'south': 6.97368, 'east': 81.06696, 'north': 7.01298}",24-Dec-2022 00:00:00,30-Dec-2022 00:00:00,Data/Error File/en_640feff0076ea_Vol_50_no_01-english.pdf
Dengue Fever,5,Monaragala,LKA,city,6.87401,81.34969,"{'west': 81.34164, 'south': 6.86256, 'east': 81.35986, 'north': 6.88672}",24-Dec-2022 00:00:00,30-Dec-2022 00:00:00,Data/Error File/en_640feff0076ea_Vol_50_no_01-english.pdf
Dysentery,0,Monaragala,LKA,city,6.87401,81.34969,"{'west': 81.34164, 'south': 6.86256, 'east': 81.35986, 'north': 6.88672}",24-Dec-2022 00:00:00,30-Dec-2022 00:00:00,Data/Error File/en_640feff0076ea_Vol_50_no_01-english.pdf
Encephalitis,0,Monaragala,LKA,city,6.87401,81.34969,"{'west': 81.34164, 'south': 6.86256, 'east': 81.35986, 'north': 6.88672}",24-Dec-2022 00:00:00,30-Dec-2022 00:00:00,Data/Error File/en_640feff0076ea_Vol_50_no_01-english.pdf
Enteric Fever,0,Monaragala,LKA,city,6.87401,81.34969,"{'west': 81.34164, 'south': 6.86256, 'east': 81.35986, 'north': 6.88672}",24-Dec-2022 00:00:00,30-Dec-2022 00:00:00,Data/Error File/en_640feff0076ea_Vol_50_no_01-english.pdf
Food Poisoning,0,Monaragala,LKA,city,6.87401,81.34969,"{'west': 81.34164, 'south': 6.86256, 'east': 81.35986, 'north': 6.88672}",24-Dec-2022 00:00:00,30-Dec-2022 00:00:00,Data/Error File/en_640feff0076ea_Vol_50_no_01-english.pdf
Leptospirosis,6,Monaragala,LKA,city,6.87401,81.34969,"{'west': 81.34164, 'south': 6.86256, 'east': 81.35986, 'north': 6.88672}",24-Dec-2022 00:00:00,30-Dec-2022 00:00:00,Data/Error File/en_640feff0076ea_Vol_50_no_01-english.pdf
Typhus Fever,1,Monaragala,LKA,city,6.87401,81.34969,"{'west': 81.34164, 'south': 6.86256, 'east': 81.35986, 'north': 6.88672}",24-Dec-2022 00:00:00,30-Dec-2022 00:00:00,Data/Error File/en_640feff0076ea_Vol_50_no_01-english.pdf
Viral Hepatitis,0,Monaragala,LKA,city,6.87401,81.34969,"{'west': 81.34164, 'south': 6.86256, 'east': 81.35986, 'north': 6.88672}",24-Dec-2022 00:00:00,30-Dec-2022 00:00:00,Data/Error File/en_640feff0076ea_Vol_50_no_01-english.pdf
Human Rabies,0,Monaragala,LKA,city,6.87401,81.34969,"{'west': 81.34164, 'south': 6.86256, 'east': 81.35986, 'north': 6.88672}",24-Dec-2022 00:00:00,30-Dec-2022 00:00:00,Data/Error File/en_640feff0076ea_Vol_50_no_01-english.pdf
Chickenpox,4,Monaragala,LKA,city,6.87401,81.34969,"{'west': 81.34164, 'south': 6.86256, 'east': 81.35986, 'north': 6.88672}",24-Dec-2022 00:00:00,30-Dec-2022 00:00:00,Data/Error File/en_640feff0076ea_Vol_50_no_01-english.pdf
Meningitis,0,Monaragala,LKA,city,6.87401,81.34969,"{'west': 81.34164, 'south': 6.86256, 'east': 81.35986, 'north': 6.88672}",24-Dec-2022 00:00:00,30-Dec-2022 00:00:00,Data/Error File/en_640feff0076ea_Vol_50_no_01-english.pdf
Leishmaniasis,6,Monaragala,LKA,city,6.87401,81.34969,"{'west': 81.34164, 'south': 6.86256, 'east': 81.35986, 'north': 6.88672}",24-Dec-2022 00:00:00,30-Dec-2022 00:00:00,Data/Error File/en_640feff0076ea_Vol_50_no_01-english.pdf
Dengue Fever,26,Ratnapura,LKA,city,6.67685,80.40504,"{'west': 80.39185, 'south': 6.67436, 'east': 80.41107, 'north': 6.6896}",24-Dec-2022 00:00:00,30-Dec-2022 00:00:00,Data/Error File/en_640feff0076ea_Vol_50_no_01-english.pdf
Dysentery,2,Ratnapura,LKA,city,6.67685,80.40504,"{'west': 80.39185, 'south': 6.67436, 'east': 80.41107, 'north': 6.6896}",24-Dec-2022 00:00:00,30-Dec-2022 00:00:00,Data/Error File/en_640feff0076ea_Vol_50_no_01-english.pdf
Encephalitis,1,Ratnapura,LKA,city,6.67685,80.40504,"{'west': 80.39185, 'south': 6.67436, 'east': 80.41107, 'north': 6.6896}",24-Dec-2022 00:00:00,30-Dec-2022 00:00:00,Data/Error File/en_640feff0076ea_Vol_50_no_01-english.pdf
Enteric Fever,0,Ratnapura,LKA,city,6.67685,80.40504,"{'west': 80.39185, 'south': 6.67436, 'east': 80.41107, 'north': 6.6896}",24-Dec-2022 00:00:00,30-Dec-2022 00:00:00,Data/Error File/en_640feff0076ea_Vol_50_no_01-english.pdf
Food Poisoning,3,Ratnapura,LKA,city,6.67685,80.40504,"{'west': 80.39185, 'south': 6.67436, 'east': 80.41107, 'north': 6.6896}",24-Dec-2022 00:00:00,30-Dec-2022 00:00:00,Data/Error File/en_640feff0076ea_Vol_50_no_01-english.pdf
Leptospirosis,22,Ratnapura,LKA,city,6.67685,80.40504,"{'west': 80.39185, 'south': 6.67436, 'east': 80.41107, 'north': 6.6896}",24-Dec-2022 00:00:00,30-Dec-2022 00:00:00,Data/Error File/en_640feff0076ea_Vol_50_no_01-english.pdf
Typhus Fever,0,Ratnapura,LKA,city,6.67685,80.40504,"{'west': 80.39185, 'south': 6.67436, 'east': 80.41107, 'north': 6.6896}",24-Dec-2022 00:00:00,30-Dec-2022 00:00:00,Data/Error File/en_640feff0076ea_Vol_50_no_01-english.pdf
Viral Hepatitis,2,Ratnapura,LKA,city,6.67685,80.40504,"{'west': 80.39185, 'south': 6.67436, 'east': 80.41107, 'north': 6.6896}",24-Dec-2022 00:00:00,30-Dec-2022 00:00:00,Data/Error File/en_640feff0076ea_Vol_50_no_01-english.pdf
Human Rabies,0,Ratnapura,LKA,city,6.67685,80.40504,"{'west': 80.39185, 'south': 6.67436, 'east': 80.41107, 'north': 6.6896}",24-Dec-2022 00:00:00,30-Dec-2022 00:00:00,Data/Error File/en_640feff0076ea_Vol_50_no_01-english.pdf
Chickenpox,3,Ratnapura,LKA,city,6.67685,80.40504,"{'west': 80.39185, 'south': 6.67436, 'east': 80.41107, 'north': 6.6896}",24-Dec-2022 00:00:00,30-Dec-2022 00:00:00,Data/Error File/en_640feff0076ea_Vol_50_no_01-english.pdf
Meningitis,8,Ratnapura,LKA,city,6.67685,80.40504,"{'west': 80.39185, 'south': 6.67436, 'east': 80.41107, 'north': 6.6896}",24-Dec-2022 00:00:00,30-Dec-2022 00:00:00,Data/Error File/en_640feff0076ea_Vol_50_no_01-english.pdf
Leishmaniasis,1,Ratnapura,LKA,city,6.67685,80.40504,"{'west': 80.39185, 'south': 6.67436, 'east': 80.41107, 'north': 6.6896}",24-Dec-2022 00:00:00,30-Dec-2022 00:00:00,Data/Error File/en_640feff0076ea_Vol_50_no_01-english.pdf
Dengue Fever,46,Kegalle,LKA,city,7.24909,80.35499,"{'west': 80.34374, 'south': 7.24466, 'east': 80.36349, 'north': 7.25467}",24-Dec-2022 00:00:00,30-Dec-2022 00:00:00,Data/Error File/en_640feff0076ea_Vol_50_no_01-english.pdf
Dysentery,0,Kegalle,LKA,city,7.24909,80.35499,"{'west': 80.34374, 'south': 7.24466, 'east': 80.36349, 'north': 7.25467}",24-Dec-2022 00:00:00,30-Dec-2022 00:00:00,Data/Error File/en_640feff0076ea_Vol_50_no_01-english.pdf
Encephalitis,0,Kegalle,LKA,city,7.24909,80.35499,"{'west': 80.34374, 'south': 7.24466, 'east': 80.36349, 'north': 7.25467}",24-Dec-2022 00:00:00,30-Dec-2022 00:00:00,Data/Error File/en_640feff0076ea_Vol_50_no_01-english.pdf
Enteric Fever,0,Kegalle,LKA,city,7.24909,80.35499,"{'west': 80.34374, 'south': 7.24466, 'east': 80.36349, 'north': 7.25467}",24-Dec-2022 00:00:00,30-Dec-2022 00:00:00,Data/Error File/en_640feff0076ea_Vol_50_no_01-english.pdf
Food Poisoning,1,Kegalle,LKA,city,7.24909,80.35499,"{'west': 80.34374, 'south': 7.24466, 'east': 80.36349, 'north': 7.25467}",24-Dec-2022 00:00:00,30-Dec-2022 00:00:00,Data/Error File/en_640feff0076ea_Vol_50_no_01-english.pdf
Leptospirosis,13,Kegalle,LKA,city,7.24909,80.35499,"{'west': 80.34374, 'south': 7.24466, 'east': 80.36349, 'north': 7.25467}",24-Dec-2022 00:00:00,30-Dec-2022 00:00:00,Data/Error File/en_640feff0076ea_Vol_50_no_01-english.pdf
Typhus Fever,1,Kegalle,LKA,city,7.24909,80.35499,"{'west': 80.34374, 'south': 7.24466, 'east': 80.36349, 'north': 7.25467}",24-Dec-2022 00:00:00,30-Dec-2022 00:00:00,Data/Error File/en_640feff0076ea_Vol_50_no_01-english.pdf
Viral Hepatitis,0,Kegalle,LKA,city,7.24909,80.35499,"{'west': 80.34374, 'south': 7.24466, 'east': 80.36349, 'north': 7.25467}",24-Dec-2022 00:00:00,30-Dec-2022 00:00:00,Data/Error File/en_640feff0076ea_Vol_50_no_01-english.pdf
Human Rabies,0,Kegalle,LKA,city,7.24909,80.35499,"{'west': 80.34374, 'south': 7.24466, 'east': 80.36349, 'north': 7.25467}",24-Dec-2022 00:00:00,30-Dec-2022 00:00:00,Data/Error File/en_640feff0076ea_Vol_50_no_01-english.pdf
Chickenpox,7,Kegalle,LKA,city,7.24909,80.35499,"{'west': 80.34374, 'south': 7.24466, 'east': 80.36349, 'north': 7.25467}",24-Dec-2022 00:00:00,30-Dec-2022 00:00:00,Data/Error File/en_640feff0076ea_Vol_50_no_01-english.pdf
Meningitis,3,Kegalle,LKA,city,7.24909,80.35499,"{'west': 80.34374, 'south': 7.24466, 'east': 80.36349, 'north': 7.25467}",24-Dec-2022 00:00:00,30-Dec-2022 00:00:00,Data/Error File/en_640feff0076ea_Vol_50_no_01-english.pdf
Leishmaniasis,0,Kegalle,LKA,city,7.24909,80.35499,"{'west': 80.34374, 'south': 7.24466, 'east': 80.36349, 'north': 7.25467}",24-Dec-2022 00:00:00,30-Dec-2022 00:00:00,Data/Error File/en_640feff0076ea_Vol_50_no_01-english.pdf
Dengue Fever,17,Kalmune,LKA,city,7.42081,81.82038,"{'west': 81.79167, 'south': 7.39353, 'east': 81.8445, 'north': 7.45169}",24-Dec-2022 00:00:00,30-Dec-2022 00:00:00,Data/Error File/en_640feff0076ea_Vol_50_no_01-english.pdf
Dysentery,3,Kalmune,LKA,city,7.42081,81.82038,"{'west': 81.79167, 'south': 7.39353, 'east': 81.8445, 'north': 7.45169}",24-Dec-2022 00:00:00,30-Dec-2022 00:00:00,Data/Error File/en_640feff0076ea_Vol_50_no_01-english.pdf
Encephalitis,1,Kalmune,LKA,city,7.42081,81.82038,"{'west': 81.79167, 'south': 7.39353, 'east': 81.8445, 'north': 7.45169}",24-Dec-2022 00:00:00,30-Dec-2022 00:00:00,Data/Error File/en_640feff0076ea_Vol_50_no_01-english.pdf
Enteric Fever,0,Kalmune,LKA,city,7.42081,81.82038,"{'west': 81.79167, 'south': 7.39353, 'east': 81.8445, 'north': 7.45169}",24-Dec-2022 00:00:00,30-Dec-2022 00:00:00,Data/Error File/en_640feff0076ea_Vol_50_no_01-english.pdf
Food Poisoning,0,Kalmune,LKA,city,7.42081,81.82038,"{'west': 81.79167, 'south': 7.39353, 'east': 81.8445, 'north': 7.45169}",24-Dec-2022 00:00:00,30-Dec-2022 00:00:00,Data/Error File/en_640feff0076ea_Vol_50_no_01-english.pdf
Leptospirosis,0,Kalmune,LKA,city,7.42081,81.82038,"{'west': 81.79167, 'south': 7.39353, 'east': 81.8445, 'north': 7.45169}",24-Dec-2022 00:00:00,30-Dec-2022 00:00:00,Data/Error File/en_640feff0076ea_Vol_50_no_01-english.pdf
Typhus Fever,0,Kalmune,LKA,city,7.42081,81.82038,"{'west': 81.79167, 'south': 7.39353, 'east': 81.8445, 'north': 7.45169}",24-Dec-2022 00:00:00,30-Dec-2022 00:00:00,Data/Error File/en_640feff0076ea_Vol_50_no_01-english.pdf
Viral Hepatitis,0,Kalmune,LKA,city,7.42081,81.82038,"{'west': 81.79167, 'south': 7.39353, 'east': 81.8445, 'north': 7.45169}",24-Dec-2022 00:00:00,30-Dec-2022 00:00:00,Data/Error File/en_640feff0076ea_Vol_50_no_01-english.pdf
Human Rabies,0,Kalmune,LKA,city,7.42081,81.82038,"{'west': 81.79167, 'south': 7.39353, 'east': 81.8445, 'north': 7.45169}",24-Dec-2022 00:00:00,30-Dec-2022 00:00:00,Data/Error File/en_640feff0076ea_Vol_50_no_01-english.pdf
Chickenpox,0,Kalmune,LKA,city,7.42081,81.82038,"{'west': 81.79167, 'south': 7.39353, 'east': 81.8445, 'north': 7.45169}",24-Dec-2022 00:00:00,30-Dec-2022 00:00:00,Data/Error File/en_640feff0076ea_Vol_50_no_01-english.pdf
Meningitis,0,Kalmune,LKA,city,7.42081,81.82038,"{'west': 81.79167, 'south': 7.39353, 'east': 81.8445, 'north': 7.45169}",24-Dec-2022 00:00:00,30-Dec-2022 00:00:00,Data/Error File/en_640feff0076ea_Vol_50_no_01-english.pdf
Leishmaniasis,0,Kalmune,LKA,city,7.42081,81.82038,"{'west': 81.79167, 'south': 7.39353, 'east': 81.8445, 'north': 7.45169}",24-Dec-2022 00:00:00,30-Dec-2022 00:00:00,Data/Error File/en_640feff0076ea_Vol_50_no_01-english.pdf
