Disease Name,Cases,Location Name,Country Code,Region Type,Lattitude,Longitude,Region Boundary,TimeStampStart,TimeStampEnd
Dengue Fever,412,Colombo,LKA,city,6.93243,79.84588,"{'west': 79.82217, 'south': 6.86256, 'east': 79.88997, 'north': 6.98118}",2023-06-02 00:00:00,2023-06-09 00:00:00
Dysentery,0,Colombo,LKA,city,6.93243,79.84588,"{'west': 79.82217, 'south': 6.86256, 'east': 79.88997, 'north': 6.98118}",2023-06-02 00:00:00,2023-06-09 00:00:00
Encephalitis,0,Colombo,LKA,city,6.93243,79.84588,"{'west': 79.82217, 'south': 6.86256, 'east': 79.88997, 'north': 6.98118}",2023-06-02 00:00:00,2023-06-09 00:00:00
Enteric Fever,0,Colombo,LKA,city,6.93243,79.84588,"{'west': 79.82217, 'south': 6.86256, 'east': 79.88997, 'north': 6.98118}",2023-06-02 00:00:00,2023-06-09 00:00:00
Food Poisoning,0,Colombo,LKA,city,6.93243,79.84588,"{'west': 79.82217, 'south': 6.86256, 'east': 79.88997, 'north': 6.98118}",2023-06-02 00:00:00,2023-06-09 00:00:00
Leptospirosis,7,Colombo,LKA,city,6.93243,79.84588,"{'west': 79.82217, 'south': 6.86256, 'east': 79.88997, 'north': 6.98118}",2023-06-02 00:00:00,2023-06-09 00:00:00
Typhus Fever,0,Colombo,LKA,city,6.93243,79.84588,"{'west': 79.82217, 'south': 6.86256, 'east': 79.88997, 'north': 6.98118}",2023-06-02 00:00:00,2023-06-09 00:00:00
Viral Hepatitis,0,Colombo,LKA,city,6.93243,79.84588,"{'west': 79.82217, 'south': 6.86256, 'east': 79.88997, 'north': 6.98118}",2023-06-02 00:00:00,2023-06-09 00:00:00
Human Rabies,0,Colombo,LKA,city,6.93243,79.84588,"{'west': 79.82217, 'south': 6.86256, 'east': 79.88997, 'north': 6.98118}",2023-06-02 00:00:00,2023-06-09 00:00:00
Chickenpox,3,Colombo,LKA,city,6.93243,79.84588,"{'west': 79.82217, 'south': 6.86256, 'east': 79.88997, 'north': 6.98118}",2023-06-02 00:00:00,2023-06-09 00:00:00
Meningitis,3,Colombo,LKA,city,6.93243,79.84588,"{'west': 79.82217, 'south': 6.86256, 'east': 79.88997, 'north': 6.98118}",2023-06-02 00:00:00,2023-06-09 00:00:00
Leishmaniasis,0,Colombo,LKA,city,6.93243,79.84588,"{'west': 79.82217, 'south': 6.86256, 'east': 79.88997, 'north': 6.98118}",2023-06-02 00:00:00,2023-06-09 00:00:00
Dengue Fever,351,Gampaha,LKA,city,6.99555,80.92297,"{'west': 80.92049, 'south': 6.69864, 'east': 81.05956, 'north': 7.00913}",2023-06-02 00:00:00,2023-06-09 00:00:00
Dysentery,0,Gampaha,LKA,city,6.99555,80.92297,"{'west': 80.92049, 'south': 6.69864, 'east': 81.05956, 'north': 7.00913}",2023-06-02 00:00:00,2023-06-09 00:00:00
Encephalitis,0,Gampaha,LKA,city,6.99555,80.92297,"{'west': 80.92049, 'south': 6.69864, 'east': 81.05956, 'north': 7.00913}",2023-06-02 00:00:00,2023-06-09 00:00:00
Enteric Fever,0,Gampaha,LKA,city,6.99555,80.92297,"{'west': 80.92049, 'south': 6.69864, 'east': 81.05956, 'north': 7.00913}",2023-06-02 00:00:00,2023-06-09 00:00:00
Food Poisoning,0,Gampaha,LKA,city,6.99555,80.92297,"{'west': 80.92049, 'south': 6.69864, 'east': 81.05956, 'north': 7.00913}",2023-06-02 00:00:00,2023-06-09 00:00:00
Leptospirosis,5,Gampaha,LKA,city,6.99555,80.92297,"{'west': 80.92049, 'south': 6.69864, 'east': 81.05956, 'north': 7.00913}",2023-06-02 00:00:00,2023-06-09 00:00:00
Typhus Fever,0,Gampaha,LKA,city,6.99555,80.92297,"{'west': 80.92049, 'south': 6.69864, 'east': 81.05956, 'north': 7.00913}",2023-06-02 00:00:00,2023-06-09 00:00:00
Viral Hepatitis,0,Gampaha,LKA,city,6.99555,80.92297,"{'west': 80.92049, 'south': 6.69864, 'east': 81.05956, 'north': 7.00913}",2023-06-02 00:00:00,2023-06-09 00:00:00
Human Rabies,0,Gampaha,LKA,city,6.99555,80.92297,"{'west': 80.92049, 'south': 6.69864, 'east': 81.05956, 'north': 7.00913}",2023-06-02 00:00:00,2023-06-09 00:00:00
Chickenpox,3,Gampaha,LKA,city,6.99555,80.92297,"{'west': 80.92049, 'south': 6.69864, 'east': 81.05956, 'north': 7.00913}",2023-06-02 00:00:00,2023-06-09 00:00:00
Meningitis,1,Gampaha,LKA,city,6.99555,80.92297,"{'west': 80.92049, 'south': 6.69864, 'east': 81.05956, 'north': 7.00913}",2023-06-02 00:00:00,2023-06-09 00:00:00
Leishmaniasis,1,Gampaha,LKA,city,6.99555,80.92297,"{'west': 80.92049, 'south': 6.69864, 'east': 81.05956, 'north': 7.00913}",2023-06-02 00:00:00,2023-06-09 00:00:00
Dengue Fever,192,Kalutara,LKA,county,6.57172,79.96508,"{'west': 79.88631, 'south': 6.32491, 'east': 80.38092, 'north': 6.82649}",2023-06-02 00:00:00,2023-06-09 00:00:00
Dysentery,0,Kalutara,LKA,county,6.57172,79.96508,"{'west': 79.88631, 'south': 6.32491, 'east': 80.38092, 'north': 6.82649}",2023-06-02 00:00:00,2023-06-09 00:00:00
Encephalitis,0,Kalutara,LKA,county,6.57172,79.96508,"{'west': 79.88631, 'south': 6.32491, 'east': 80.38092, 'north': 6.82649}",2023-06-02 00:00:00,2023-06-09 00:00:00
Enteric Fever,0,Kalutara,LKA,county,6.57172,79.96508,"{'west': 79.88631, 'south': 6.32491, 'east': 80.38092, 'north': 6.82649}",2023-06-02 00:00:00,2023-06-09 00:00:00
Food Poisoning,0,Kalutara,LKA,county,6.57172,79.96508,"{'west': 79.88631, 'south': 6.32491, 'east': 80.38092, 'north': 6.82649}",2023-06-02 00:00:00,2023-06-09 00:00:00
Leptospirosis,28,Kalutara,LKA,county,6.57172,79.96508,"{'west': 79.88631, 'south': 6.32491, 'east': 80.38092, 'north': 6.82649}",2023-06-02 00:00:00,2023-06-09 00:00:00
Typhus Fever,0,Kalutara,LKA,county,6.57172,79.96508,"{'west': 79.88631, 'south': 6.32491, 'east': 80.38092, 'north': 6.82649}",2023-06-02 00:00:00,2023-06-09 00:00:00
Viral Hepatitis,0,Kalutara,LKA,county,6.57172,79.96508,"{'west': 79.88631, 'south': 6.32491, 'east': 80.38092, 'north': 6.82649}",2023-06-02 00:00:00,2023-06-09 00:00:00
Human Rabies,0,Kalutara,LKA,county,6.57172,79.96508,"{'west': 79.88631, 'south': 6.32491, 'east': 80.38092, 'north': 6.82649}",2023-06-02 00:00:00,2023-06-09 00:00:00
Chickenpox,6,Kalutara,LKA,county,6.57172,79.96508,"{'west': 79.88631, 'south': 6.32491, 'east': 80.38092, 'north': 6.82649}",2023-06-02 00:00:00,2023-06-09 00:00:00
Meningitis,0,Kalutara,LKA,county,6.57172,79.96508,"{'west': 79.88631, 'south': 6.32491, 'east': 80.38092, 'north': 6.82649}",2023-06-02 00:00:00,2023-06-09 00:00:00
Leishmaniasis,0,Kalutara,LKA,county,6.57172,79.96508,"{'west': 79.88631, 'south': 6.32491, 'east': 80.38092, 'north': 6.82649}",2023-06-02 00:00:00,2023-06-09 00:00:00
Dengue Fever,263,Kandy,LKA,city,7.29497,80.63867,"{'west': 80.59229, 'south': 7.24218, 'east': 80.65777, 'north': 7.3217}",2023-06-02 00:00:00,2023-06-09 00:00:00
Dysentery,0,Kandy,LKA,city,7.29497,80.63867,"{'west': 80.59229, 'south': 7.24218, 'east': 80.65777, 'north': 7.3217}",2023-06-02 00:00:00,2023-06-09 00:00:00
Encephalitis,0,Kandy,LKA,city,7.29497,80.63867,"{'west': 80.59229, 'south': 7.24218, 'east': 80.65777, 'north': 7.3217}",2023-06-02 00:00:00,2023-06-09 00:00:00
Enteric Fever,0,Kandy,LKA,city,7.29497,80.63867,"{'west': 80.59229, 'south': 7.24218, 'east': 80.65777, 'north': 7.3217}",2023-06-02 00:00:00,2023-06-09 00:00:00
Food Poisoning,0,Kandy,LKA,city,7.29497,80.63867,"{'west': 80.59229, 'south': 7.24218, 'east': 80.65777, 'north': 7.3217}",2023-06-02 00:00:00,2023-06-09 00:00:00
Leptospirosis,8,Kandy,LKA,city,7.29497,80.63867,"{'west': 80.59229, 'south': 7.24218, 'east': 80.65777, 'north': 7.3217}",2023-06-02 00:00:00,2023-06-09 00:00:00
Typhus Fever,2,Kandy,LKA,city,7.29497,80.63867,"{'west': 80.59229, 'south': 7.24218, 'east': 80.65777, 'north': 7.3217}",2023-06-02 00:00:00,2023-06-09 00:00:00
Viral Hepatitis,0,Kandy,LKA,city,7.29497,80.63867,"{'west': 80.59229, 'south': 7.24218, 'east': 80.65777, 'north': 7.3217}",2023-06-02 00:00:00,2023-06-09 00:00:00
Human Rabies,0,Kandy,LKA,city,7.29497,80.63867,"{'west': 80.59229, 'south': 7.24218, 'east': 80.65777, 'north': 7.3217}",2023-06-02 00:00:00,2023-06-09 00:00:00
Chickenpox,2,Kandy,LKA,city,7.29497,80.63867,"{'west': 80.59229, 'south': 7.24218, 'east': 80.65777, 'north': 7.3217}",2023-06-02 00:00:00,2023-06-09 00:00:00
Meningitis,0,Kandy,LKA,city,7.29497,80.63867,"{'west': 80.59229, 'south': 7.24218, 'east': 80.65777, 'north': 7.3217}",2023-06-02 00:00:00,2023-06-09 00:00:00
Leishmaniasis,1,Kandy,LKA,city,7.29497,80.63867,"{'west': 80.59229, 'south': 7.24218, 'east': 80.65777, 'north': 7.3217}",2023-06-02 00:00:00,2023-06-09 00:00:00
Dengue Fever,43,Matale,UGA,city,0.77848,31.15692,"{'west': 31.08209, 'south': 0.64878, 'east': 31.23708, 'north': 0.83519}",2023-06-02 00:00:00,2023-06-09 00:00:00
Dysentery,0,Matale,UGA,city,0.77848,31.15692,"{'west': 31.08209, 'south': 0.64878, 'east': 31.23708, 'north': 0.83519}",2023-06-02 00:00:00,2023-06-09 00:00:00
Encephalitis,0,Matale,UGA,city,0.77848,31.15692,"{'west': 31.08209, 'south': 0.64878, 'east': 31.23708, 'north': 0.83519}",2023-06-02 00:00:00,2023-06-09 00:00:00
Enteric Fever,0,Matale,UGA,city,0.77848,31.15692,"{'west': 31.08209, 'south': 0.64878, 'east': 31.23708, 'north': 0.83519}",2023-06-02 00:00:00,2023-06-09 00:00:00
Food Poisoning,0,Matale,UGA,city,0.77848,31.15692,"{'west': 31.08209, 'south': 0.64878, 'east': 31.23708, 'north': 0.83519}",2023-06-02 00:00:00,2023-06-09 00:00:00
Leptospirosis,4,Matale,UGA,city,0.77848,31.15692,"{'west': 31.08209, 'south': 0.64878, 'east': 31.23708, 'north': 0.83519}",2023-06-02 00:00:00,2023-06-09 00:00:00
Typhus Fever,0,Matale,UGA,city,0.77848,31.15692,"{'west': 31.08209, 'south': 0.64878, 'east': 31.23708, 'north': 0.83519}",2023-06-02 00:00:00,2023-06-09 00:00:00
Viral Hepatitis,0,Matale,UGA,city,0.77848,31.15692,"{'west': 31.08209, 'south': 0.64878, 'east': 31.23708, 'north': 0.83519}",2023-06-02 00:00:00,2023-06-09 00:00:00
Human Rabies,0,Matale,UGA,city,0.77848,31.15692,"{'west': 31.08209, 'south': 0.64878, 'east': 31.23708, 'north': 0.83519}",2023-06-02 00:00:00,2023-06-09 00:00:00
Chickenpox,3,Matale,UGA,city,0.77848,31.15692,"{'west': 31.08209, 'south': 0.64878, 'east': 31.23708, 'north': 0.83519}",2023-06-02 00:00:00,2023-06-09 00:00:00
Meningitis,0,Matale,UGA,city,0.77848,31.15692,"{'west': 31.08209, 'south': 0.64878, 'east': 31.23708, 'north': 0.83519}",2023-06-02 00:00:00,2023-06-09 00:00:00
Leishmaniasis,5,Matale,UGA,city,0.77848,31.15692,"{'west': 31.08209, 'south': 0.64878, 'east': 31.23708, 'north': 0.83519}",2023-06-02 00:00:00,2023-06-09 00:00:00
Dengue Fever,7,NuwaraEliya,LKA,city,6.97375,80.76449,"{'west': 80.74499, 'south': 6.9247, 'east': 80.81502, 'north': 6.99217}",2023-06-02 00:00:00,2023-06-09 00:00:00
Dysentery,4,NuwaraEliya,LKA,city,6.97375,80.76449,"{'west': 80.74499, 'south': 6.9247, 'east': 80.81502, 'north': 6.99217}",2023-06-02 00:00:00,2023-06-09 00:00:00
Encephalitis,0,NuwaraEliya,LKA,city,6.97375,80.76449,"{'west': 80.74499, 'south': 6.9247, 'east': 80.81502, 'north': 6.99217}",2023-06-02 00:00:00,2023-06-09 00:00:00
Enteric Fever,1,NuwaraEliya,LKA,city,6.97375,80.76449,"{'west': 80.74499, 'south': 6.9247, 'east': 80.81502, 'north': 6.99217}",2023-06-02 00:00:00,2023-06-09 00:00:00
Food Poisoning,0,NuwaraEliya,LKA,city,6.97375,80.76449,"{'west': 80.74499, 'south': 6.9247, 'east': 80.81502, 'north': 6.99217}",2023-06-02 00:00:00,2023-06-09 00:00:00
Leptospirosis,3,NuwaraEliya,LKA,city,6.97375,80.76449,"{'west': 80.74499, 'south': 6.9247, 'east': 80.81502, 'north': 6.99217}",2023-06-02 00:00:00,2023-06-09 00:00:00
Typhus Fever,7,NuwaraEliya,LKA,city,6.97375,80.76449,"{'west': 80.74499, 'south': 6.9247, 'east': 80.81502, 'north': 6.99217}",2023-06-02 00:00:00,2023-06-09 00:00:00
Viral Hepatitis,1,NuwaraEliya,LKA,city,6.97375,80.76449,"{'west': 80.74499, 'south': 6.9247, 'east': 80.81502, 'north': 6.99217}",2023-06-02 00:00:00,2023-06-09 00:00:00
Human Rabies,0,NuwaraEliya,LKA,city,6.97375,80.76449,"{'west': 80.74499, 'south': 6.9247, 'east': 80.81502, 'north': 6.99217}",2023-06-02 00:00:00,2023-06-09 00:00:00
Chickenpox,2,NuwaraEliya,LKA,city,6.97375,80.76449,"{'west': 80.74499, 'south': 6.9247, 'east': 80.81502, 'north': 6.99217}",2023-06-02 00:00:00,2023-06-09 00:00:00
Meningitis,0,NuwaraEliya,LKA,city,6.97375,80.76449,"{'west': 80.74499, 'south': 6.9247, 'east': 80.81502, 'north': 6.99217}",2023-06-02 00:00:00,2023-06-09 00:00:00
Leishmaniasis,0,NuwaraEliya,LKA,city,6.97375,80.76449,"{'west': 80.74499, 'south': 6.9247, 'east': 80.81502, 'north': 6.99217}",2023-06-02 00:00:00,2023-06-09 00:00:00
Dengue Fever,69,Galle,DEU,city,51.4822,11.97494,"{'west': 11.85534, 'south': 51.4023, 'east': 12.08903, 'north': 51.54364}",2023-06-02 00:00:00,2023-06-09 00:00:00
Dysentery,3,Galle,DEU,city,51.4822,11.97494,"{'west': 11.85534, 'south': 51.4023, 'east': 12.08903, 'north': 51.54364}",2023-06-02 00:00:00,2023-06-09 00:00:00
Encephalitis,0,Galle,DEU,city,51.4822,11.97494,"{'west': 11.85534, 'south': 51.4023, 'east': 12.08903, 'north': 51.54364}",2023-06-02 00:00:00,2023-06-09 00:00:00
Enteric Fever,0,Galle,DEU,city,51.4822,11.97494,"{'west': 11.85534, 'south': 51.4023, 'east': 12.08903, 'north': 51.54364}",2023-06-02 00:00:00,2023-06-09 00:00:00
Food Poisoning,0,Galle,DEU,city,51.4822,11.97494,"{'west': 11.85534, 'south': 51.4023, 'east': 12.08903, 'north': 51.54364}",2023-06-02 00:00:00,2023-06-09 00:00:00
Leptospirosis,14,Galle,DEU,city,51.4822,11.97494,"{'west': 11.85534, 'south': 51.4023, 'east': 12.08903, 'north': 51.54364}",2023-06-02 00:00:00,2023-06-09 00:00:00
Typhus Fever,0,Galle,DEU,city,51.4822,11.97494,"{'west': 11.85534, 'south': 51.4023, 'east': 12.08903, 'north': 51.54364}",2023-06-02 00:00:00,2023-06-09 00:00:00
Viral Hepatitis,0,Galle,DEU,city,51.4822,11.97494,"{'west': 11.85534, 'south': 51.4023, 'east': 12.08903, 'north': 51.54364}",2023-06-02 00:00:00,2023-06-09 00:00:00
Human Rabies,0,Galle,DEU,city,51.4822,11.97494,"{'west': 11.85534, 'south': 51.4023, 'east': 12.08903, 'north': 51.54364}",2023-06-02 00:00:00,2023-06-09 00:00:00
Chickenpox,7,Galle,DEU,city,51.4822,11.97494,"{'west': 11.85534, 'south': 51.4023, 'east': 12.08903, 'north': 51.54364}",2023-06-02 00:00:00,2023-06-09 00:00:00
Meningitis,0,Galle,DEU,city,51.4822,11.97494,"{'west': 11.85534, 'south': 51.4023, 'east': 12.08903, 'north': 51.54364}",2023-06-02 00:00:00,2023-06-09 00:00:00
Leishmaniasis,0,Galle,DEU,city,51.4822,11.97494,"{'west': 11.85534, 'south': 51.4023, 'east': 12.08903, 'north': 51.54364}",2023-06-02 00:00:00,2023-06-09 00:00:00
Dengue Fever,82,Hambantota,LKA,city,6.12845,81.12598,"{'west': 81.09705, 'south': 6.11608, 'east': 81.16193, 'north': 6.15419}",2023-06-02 00:00:00,2023-06-09 00:00:00
Dysentery,0,Hambantota,LKA,city,6.12845,81.12598,"{'west': 81.09705, 'south': 6.11608, 'east': 81.16193, 'north': 6.15419}",2023-06-02 00:00:00,2023-06-09 00:00:00
Encephalitis,2,Hambantota,LKA,city,6.12845,81.12598,"{'west': 81.09705, 'south': 6.11608, 'east': 81.16193, 'north': 6.15419}",2023-06-02 00:00:00,2023-06-09 00:00:00
Enteric Fever,0,Hambantota,LKA,city,6.12845,81.12598,"{'west': 81.09705, 'south': 6.11608, 'east': 81.16193, 'north': 6.15419}",2023-06-02 00:00:00,2023-06-09 00:00:00
Food Poisoning,0,Hambantota,LKA,city,6.12845,81.12598,"{'west': 81.09705, 'south': 6.11608, 'east': 81.16193, 'north': 6.15419}",2023-06-02 00:00:00,2023-06-09 00:00:00
Leptospirosis,14,Hambantota,LKA,city,6.12845,81.12598,"{'west': 81.09705, 'south': 6.11608, 'east': 81.16193, 'north': 6.15419}",2023-06-02 00:00:00,2023-06-09 00:00:00
Typhus Fever,2,Hambantota,LKA,city,6.12845,81.12598,"{'west': 81.09705, 'south': 6.11608, 'east': 81.16193, 'north': 6.15419}",2023-06-02 00:00:00,2023-06-09 00:00:00
Viral Hepatitis,0,Hambantota,LKA,city,6.12845,81.12598,"{'west': 81.09705, 'south': 6.11608, 'east': 81.16193, 'north': 6.15419}",2023-06-02 00:00:00,2023-06-09 00:00:00
Human Rabies,0,Hambantota,LKA,city,6.12845,81.12598,"{'west': 81.09705, 'south': 6.11608, 'east': 81.16193, 'north': 6.15419}",2023-06-02 00:00:00,2023-06-09 00:00:00
Chickenpox,1,Hambantota,LKA,city,6.12845,81.12598,"{'west': 81.09705, 'south': 6.11608, 'east': 81.16193, 'north': 6.15419}",2023-06-02 00:00:00,2023-06-09 00:00:00
Meningitis,0,Hambantota,LKA,city,6.12845,81.12598,"{'west': 81.09705, 'south': 6.11608, 'east': 81.16193, 'north': 6.15419}",2023-06-02 00:00:00,2023-06-09 00:00:00
Leishmaniasis,22,Hambantota,LKA,city,6.12845,81.12598,"{'west': 81.09705, 'south': 6.11608, 'east': 81.16193, 'north': 6.15419}",2023-06-02 00:00:00,2023-06-09 00:00:00
Dengue Fever,48,Matara,LKA,city,5.94464,80.55015,"{'west': 80.50298, 'south': 5.93538, 'east': 80.57139, 'north': 5.9771}",2023-06-02 00:00:00,2023-06-09 00:00:00
Dysentery,2,Matara,LKA,city,5.94464,80.55015,"{'west': 80.50298, 'south': 5.93538, 'east': 80.57139, 'north': 5.9771}",2023-06-02 00:00:00,2023-06-09 00:00:00
Encephalitis,1,Matara,LKA,city,5.94464,80.55015,"{'west': 80.50298, 'south': 5.93538, 'east': 80.57139, 'north': 5.9771}",2023-06-02 00:00:00,2023-06-09 00:00:00
Enteric Fever,0,Matara,LKA,city,5.94464,80.55015,"{'west': 80.50298, 'south': 5.93538, 'east': 80.57139, 'north': 5.9771}",2023-06-02 00:00:00,2023-06-09 00:00:00
Food Poisoning,2,Matara,LKA,city,5.94464,80.55015,"{'west': 80.50298, 'south': 5.93538, 'east': 80.57139, 'north': 5.9771}",2023-06-02 00:00:00,2023-06-09 00:00:00
Leptospirosis,20,Matara,LKA,city,5.94464,80.55015,"{'west': 80.50298, 'south': 5.93538, 'east': 80.57139, 'north': 5.9771}",2023-06-02 00:00:00,2023-06-09 00:00:00
Typhus Fever,0,Matara,LKA,city,5.94464,80.55015,"{'west': 80.50298, 'south': 5.93538, 'east': 80.57139, 'north': 5.9771}",2023-06-02 00:00:00,2023-06-09 00:00:00
Viral Hepatitis,0,Matara,LKA,city,5.94464,80.55015,"{'west': 80.50298, 'south': 5.93538, 'east': 80.57139, 'north': 5.9771}",2023-06-02 00:00:00,2023-06-09 00:00:00
Human Rabies,0,Matara,LKA,city,5.94464,80.55015,"{'west': 80.50298, 'south': 5.93538, 'east': 80.57139, 'north': 5.9771}",2023-06-02 00:00:00,2023-06-09 00:00:00
Chickenpox,5,Matara,LKA,city,5.94464,80.55015,"{'west': 80.50298, 'south': 5.93538, 'east': 80.57139, 'north': 5.9771}",2023-06-02 00:00:00,2023-06-09 00:00:00
Meningitis,1,Matara,LKA,city,5.94464,80.55015,"{'west': 80.50298, 'south': 5.93538, 'east': 80.57139, 'north': 5.9771}",2023-06-02 00:00:00,2023-06-09 00:00:00
Leishmaniasis,7,Matara,LKA,city,5.94464,80.55015,"{'west': 80.50298, 'south': 5.93538, 'east': 80.57139, 'north': 5.9771}",2023-06-02 00:00:00,2023-06-09 00:00:00
Dengue Fever,51,Jaffna,LKA,city,9.65876,80.01907,"{'west': 79.99777, 'south': 9.646, 'east': 80.05758, 'north': 9.69279}",2023-06-02 00:00:00,2023-06-09 00:00:00
Dysentery,1,Jaffna,LKA,city,9.65876,80.01907,"{'west': 79.99777, 'south': 9.646, 'east': 80.05758, 'north': 9.69279}",2023-06-02 00:00:00,2023-06-09 00:00:00
Encephalitis,0,Jaffna,LKA,city,9.65876,80.01907,"{'west': 79.99777, 'south': 9.646, 'east': 80.05758, 'north': 9.69279}",2023-06-02 00:00:00,2023-06-09 00:00:00
Enteric Fever,0,Jaffna,LKA,city,9.65876,80.01907,"{'west': 79.99777, 'south': 9.646, 'east': 80.05758, 'north': 9.69279}",2023-06-02 00:00:00,2023-06-09 00:00:00
Food Poisoning,0,Jaffna,LKA,city,9.65876,80.01907,"{'west': 79.99777, 'south': 9.646, 'east': 80.05758, 'north': 9.69279}",2023-06-02 00:00:00,2023-06-09 00:00:00
Leptospirosis,0,Jaffna,LKA,city,9.65876,80.01907,"{'west': 79.99777, 'south': 9.646, 'east': 80.05758, 'north': 9.69279}",2023-06-02 00:00:00,2023-06-09 00:00:00
Typhus Fever,6,Jaffna,LKA,city,9.65876,80.01907,"{'west': 79.99777, 'south': 9.646, 'east': 80.05758, 'north': 9.69279}",2023-06-02 00:00:00,2023-06-09 00:00:00
Viral Hepatitis,0,Jaffna,LKA,city,9.65876,80.01907,"{'west': 79.99777, 'south': 9.646, 'east': 80.05758, 'north': 9.69279}",2023-06-02 00:00:00,2023-06-09 00:00:00
Human Rabies,0,Jaffna,LKA,city,9.65876,80.01907,"{'west': 79.99777, 'south': 9.646, 'east': 80.05758, 'north': 9.69279}",2023-06-02 00:00:00,2023-06-09 00:00:00
Chickenpox,1,Jaffna,LKA,city,9.65876,80.01907,"{'west': 79.99777, 'south': 9.646, 'east': 80.05758, 'north': 9.69279}",2023-06-02 00:00:00,2023-06-09 00:00:00
Meningitis,0,Jaffna,LKA,city,9.65876,80.01907,"{'west': 79.99777, 'south': 9.646, 'east': 80.05758, 'north': 9.69279}",2023-06-02 00:00:00,2023-06-09 00:00:00
Leishmaniasis,0,Jaffna,LKA,city,9.65876,80.01907,"{'west': 79.99777, 'south': 9.646, 'east': 80.05758, 'north': 9.69279}",2023-06-02 00:00:00,2023-06-09 00:00:00
Dengue Fever,2,Kilinochchi,LKA,city,9.40854,80.40766,"{'west': 80.35301, 'south': 9.30657, 'east': 80.45792, 'north': 9.4388}",2023-06-02 00:00:00,2023-06-09 00:00:00
Dysentery,0,Kilinochchi,LKA,city,9.40854,80.40766,"{'west': 80.35301, 'south': 9.30657, 'east': 80.45792, 'north': 9.4388}",2023-06-02 00:00:00,2023-06-09 00:00:00
Encephalitis,0,Kilinochchi,LKA,city,9.40854,80.40766,"{'west': 80.35301, 'south': 9.30657, 'east': 80.45792, 'north': 9.4388}",2023-06-02 00:00:00,2023-06-09 00:00:00
Enteric Fever,0,Kilinochchi,LKA,city,9.40854,80.40766,"{'west': 80.35301, 'south': 9.30657, 'east': 80.45792, 'north': 9.4388}",2023-06-02 00:00:00,2023-06-09 00:00:00
Food Poisoning,0,Kilinochchi,LKA,city,9.40854,80.40766,"{'west': 80.35301, 'south': 9.30657, 'east': 80.45792, 'north': 9.4388}",2023-06-02 00:00:00,2023-06-09 00:00:00
Leptospirosis,0,Kilinochchi,LKA,city,9.40854,80.40766,"{'west': 80.35301, 'south': 9.30657, 'east': 80.45792, 'north': 9.4388}",2023-06-02 00:00:00,2023-06-09 00:00:00
Typhus Fever,1,Kilinochchi,LKA,city,9.40854,80.40766,"{'west': 80.35301, 'south': 9.30657, 'east': 80.45792, 'north': 9.4388}",2023-06-02 00:00:00,2023-06-09 00:00:00
Viral Hepatitis,0,Kilinochchi,LKA,city,9.40854,80.40766,"{'west': 80.35301, 'south': 9.30657, 'east': 80.45792, 'north': 9.4388}",2023-06-02 00:00:00,2023-06-09 00:00:00
Human Rabies,0,Kilinochchi,LKA,city,9.40854,80.40766,"{'west': 80.35301, 'south': 9.30657, 'east': 80.45792, 'north': 9.4388}",2023-06-02 00:00:00,2023-06-09 00:00:00
Chickenpox,0,Kilinochchi,LKA,city,9.40854,80.40766,"{'west': 80.35301, 'south': 9.30657, 'east': 80.45792, 'north': 9.4388}",2023-06-02 00:00:00,2023-06-09 00:00:00
Meningitis,0,Kilinochchi,LKA,city,9.40854,80.40766,"{'west': 80.35301, 'south': 9.30657, 'east': 80.45792, 'north': 9.4388}",2023-06-02 00:00:00,2023-06-09 00:00:00
Leishmaniasis,0,Kilinochchi,LKA,city,9.40854,80.40766,"{'west': 80.35301, 'south': 9.30657, 'east': 80.45792, 'north': 9.4388}",2023-06-02 00:00:00,2023-06-09 00:00:00
Dengue Fever,4,Mannar,LKA,city,8.98508,79.90976,"{'west': 79.89545, 'south': 8.96972, 'east': 79.92752, 'north': 8.99724}",2023-06-02 00:00:00,2023-06-09 00:00:00
Dysentery,0,Mannar,LKA,city,8.98508,79.90976,"{'west': 79.89545, 'south': 8.96972, 'east': 79.92752, 'north': 8.99724}",2023-06-02 00:00:00,2023-06-09 00:00:00
Encephalitis,0,Mannar,LKA,city,8.98508,79.90976,"{'west': 79.89545, 'south': 8.96972, 'east': 79.92752, 'north': 8.99724}",2023-06-02 00:00:00,2023-06-09 00:00:00
Enteric Fever,0,Mannar,LKA,city,8.98508,79.90976,"{'west': 79.89545, 'south': 8.96972, 'east': 79.92752, 'north': 8.99724}",2023-06-02 00:00:00,2023-06-09 00:00:00
Food Poisoning,0,Mannar,LKA,city,8.98508,79.90976,"{'west': 79.89545, 'south': 8.96972, 'east': 79.92752, 'north': 8.99724}",2023-06-02 00:00:00,2023-06-09 00:00:00
Leptospirosis,3,Mannar,LKA,city,8.98508,79.90976,"{'west': 79.89545, 'south': 8.96972, 'east': 79.92752, 'north': 8.99724}",2023-06-02 00:00:00,2023-06-09 00:00:00
Typhus Fever,0,Mannar,LKA,city,8.98508,79.90976,"{'west': 79.89545, 'south': 8.96972, 'east': 79.92752, 'north': 8.99724}",2023-06-02 00:00:00,2023-06-09 00:00:00
Viral Hepatitis,0,Mannar,LKA,city,8.98508,79.90976,"{'west': 79.89545, 'south': 8.96972, 'east': 79.92752, 'north': 8.99724}",2023-06-02 00:00:00,2023-06-09 00:00:00
Human Rabies,0,Mannar,LKA,city,8.98508,79.90976,"{'west': 79.89545, 'south': 8.96972, 'east': 79.92752, 'north': 8.99724}",2023-06-02 00:00:00,2023-06-09 00:00:00
Chickenpox,0,Mannar,LKA,city,8.98508,79.90976,"{'west': 79.89545, 'south': 8.96972, 'east': 79.92752, 'north': 8.99724}",2023-06-02 00:00:00,2023-06-09 00:00:00
Meningitis,1,Mannar,LKA,city,8.98508,79.90976,"{'west': 79.89545, 'south': 8.96972, 'east': 79.92752, 'north': 8.99724}",2023-06-02 00:00:00,2023-06-09 00:00:00
Leishmaniasis,0,Mannar,LKA,city,8.98508,79.90976,"{'west': 79.89545, 'south': 8.96972, 'east': 79.92752, 'north': 8.99724}",2023-06-02 00:00:00,2023-06-09 00:00:00
Dengue Fever,5,Vavuniya,LKA,city,8.75888,80.49993,"{'west': 80.40041, 'south': 8.71375, 'east': 80.55008, 'north': 8.8121}",2023-06-02 00:00:00,2023-06-09 00:00:00
Dysentery,0,Vavuniya,LKA,city,8.75888,80.49993,"{'west': 80.40041, 'south': 8.71375, 'east': 80.55008, 'north': 8.8121}",2023-06-02 00:00:00,2023-06-09 00:00:00
Encephalitis,0,Vavuniya,LKA,city,8.75888,80.49993,"{'west': 80.40041, 'south': 8.71375, 'east': 80.55008, 'north': 8.8121}",2023-06-02 00:00:00,2023-06-09 00:00:00
Enteric Fever,0,Vavuniya,LKA,city,8.75888,80.49993,"{'west': 80.40041, 'south': 8.71375, 'east': 80.55008, 'north': 8.8121}",2023-06-02 00:00:00,2023-06-09 00:00:00
Food Poisoning,0,Vavuniya,LKA,city,8.75888,80.49993,"{'west': 80.40041, 'south': 8.71375, 'east': 80.55008, 'north': 8.8121}",2023-06-02 00:00:00,2023-06-09 00:00:00
Leptospirosis,0,Vavuniya,LKA,city,8.75888,80.49993,"{'west': 80.40041, 'south': 8.71375, 'east': 80.55008, 'north': 8.8121}",2023-06-02 00:00:00,2023-06-09 00:00:00
Typhus Fever,1,Vavuniya,LKA,city,8.75888,80.49993,"{'west': 80.40041, 'south': 8.71375, 'east': 80.55008, 'north': 8.8121}",2023-06-02 00:00:00,2023-06-09 00:00:00
Viral Hepatitis,0,Vavuniya,LKA,city,8.75888,80.49993,"{'west': 80.40041, 'south': 8.71375, 'east': 80.55008, 'north': 8.8121}",2023-06-02 00:00:00,2023-06-09 00:00:00
Human Rabies,0,Vavuniya,LKA,city,8.75888,80.49993,"{'west': 80.40041, 'south': 8.71375, 'east': 80.55008, 'north': 8.8121}",2023-06-02 00:00:00,2023-06-09 00:00:00
Chickenpox,2,Vavuniya,LKA,city,8.75888,80.49993,"{'west': 80.40041, 'south': 8.71375, 'east': 80.55008, 'north': 8.8121}",2023-06-02 00:00:00,2023-06-09 00:00:00
Meningitis,0,Vavuniya,LKA,city,8.75888,80.49993,"{'west': 80.40041, 'south': 8.71375, 'east': 80.55008, 'north': 8.8121}",2023-06-02 00:00:00,2023-06-09 00:00:00
Leishmaniasis,1,Vavuniya,LKA,city,8.75888,80.49993,"{'west': 80.40041, 'south': 8.71375, 'east': 80.55008, 'north': 8.8121}",2023-06-02 00:00:00,2023-06-09 00:00:00
Dengue Fever,4,Mullaitivu,LKA,city,9.26533,80.8115,"{'west': 80.7902, 'south': 9.20712, 'east': 80.84548, 'north': 9.28467}",2023-06-02 00:00:00,2023-06-09 00:00:00
Dysentery,0,Mullaitivu,LKA,city,9.26533,80.8115,"{'west': 80.7902, 'south': 9.20712, 'east': 80.84548, 'north': 9.28467}",2023-06-02 00:00:00,2023-06-09 00:00:00
Encephalitis,0,Mullaitivu,LKA,city,9.26533,80.8115,"{'west': 80.7902, 'south': 9.20712, 'east': 80.84548, 'north': 9.28467}",2023-06-02 00:00:00,2023-06-09 00:00:00
Enteric Fever,0,Mullaitivu,LKA,city,9.26533,80.8115,"{'west': 80.7902, 'south': 9.20712, 'east': 80.84548, 'north': 9.28467}",2023-06-02 00:00:00,2023-06-09 00:00:00
Food Poisoning,0,Mullaitivu,LKA,city,9.26533,80.8115,"{'west': 80.7902, 'south': 9.20712, 'east': 80.84548, 'north': 9.28467}",2023-06-02 00:00:00,2023-06-09 00:00:00
Leptospirosis,0,Mullaitivu,LKA,city,9.26533,80.8115,"{'west': 80.7902, 'south': 9.20712, 'east': 80.84548, 'north': 9.28467}",2023-06-02 00:00:00,2023-06-09 00:00:00
Typhus Fever,0,Mullaitivu,LKA,city,9.26533,80.8115,"{'west': 80.7902, 'south': 9.20712, 'east': 80.84548, 'north': 9.28467}",2023-06-02 00:00:00,2023-06-09 00:00:00
Viral Hepatitis,0,Mullaitivu,LKA,city,9.26533,80.8115,"{'west': 80.7902, 'south': 9.20712, 'east': 80.84548, 'north': 9.28467}",2023-06-02 00:00:00,2023-06-09 00:00:00
Human Rabies,0,Mullaitivu,LKA,city,9.26533,80.8115,"{'west': 80.7902, 'south': 9.20712, 'east': 80.84548, 'north': 9.28467}",2023-06-02 00:00:00,2023-06-09 00:00:00
Chickenpox,0,Mullaitivu,LKA,city,9.26533,80.8115,"{'west': 80.7902, 'south': 9.20712, 'east': 80.84548, 'north': 9.28467}",2023-06-02 00:00:00,2023-06-09 00:00:00
Meningitis,0,Mullaitivu,LKA,city,9.26533,80.8115,"{'west': 80.7902, 'south': 9.20712, 'east': 80.84548, 'north': 9.28467}",2023-06-02 00:00:00,2023-06-09 00:00:00
Leishmaniasis,2,Mullaitivu,LKA,city,9.26533,80.8115,"{'west': 80.7902, 'south': 9.20712, 'east': 80.84548, 'north': 9.28467}",2023-06-02 00:00:00,2023-06-09 00:00:00
Dengue Fever,74,Batticaloa,LKA,city,7.72066,81.6955,"{'west': 81.65274, 'south': 7.70261, 'east': 81.7078, 'north': 7.76642}",2023-06-02 00:00:00,2023-06-09 00:00:00
Dysentery,3,Batticaloa,LKA,city,7.72066,81.6955,"{'west': 81.65274, 'south': 7.70261, 'east': 81.7078, 'north': 7.76642}",2023-06-02 00:00:00,2023-06-09 00:00:00
Encephalitis,0,Batticaloa,LKA,city,7.72066,81.6955,"{'west': 81.65274, 'south': 7.70261, 'east': 81.7078, 'north': 7.76642}",2023-06-02 00:00:00,2023-06-09 00:00:00
Enteric Fever,0,Batticaloa,LKA,city,7.72066,81.6955,"{'west': 81.65274, 'south': 7.70261, 'east': 81.7078, 'north': 7.76642}",2023-06-02 00:00:00,2023-06-09 00:00:00
Food Poisoning,4,Batticaloa,LKA,city,7.72066,81.6955,"{'west': 81.65274, 'south': 7.70261, 'east': 81.7078, 'north': 7.76642}",2023-06-02 00:00:00,2023-06-09 00:00:00
Leptospirosis,2,Batticaloa,LKA,city,7.72066,81.6955,"{'west': 81.65274, 'south': 7.70261, 'east': 81.7078, 'north': 7.76642}",2023-06-02 00:00:00,2023-06-09 00:00:00
Typhus Fever,0,Batticaloa,LKA,city,7.72066,81.6955,"{'west': 81.65274, 'south': 7.70261, 'east': 81.7078, 'north': 7.76642}",2023-06-02 00:00:00,2023-06-09 00:00:00
Viral Hepatitis,0,Batticaloa,LKA,city,7.72066,81.6955,"{'west': 81.65274, 'south': 7.70261, 'east': 81.7078, 'north': 7.76642}",2023-06-02 00:00:00,2023-06-09 00:00:00
Human Rabies,0,Batticaloa,LKA,city,7.72066,81.6955,"{'west': 81.65274, 'south': 7.70261, 'east': 81.7078, 'north': 7.76642}",2023-06-02 00:00:00,2023-06-09 00:00:00
Chickenpox,2,Batticaloa,LKA,city,7.72066,81.6955,"{'west': 81.65274, 'south': 7.70261, 'east': 81.7078, 'north': 7.76642}",2023-06-02 00:00:00,2023-06-09 00:00:00
Meningitis,1,Batticaloa,LKA,city,7.72066,81.6955,"{'west': 81.65274, 'south': 7.70261, 'east': 81.7078, 'north': 7.76642}",2023-06-02 00:00:00,2023-06-09 00:00:00
Leishmaniasis,0,Batticaloa,LKA,city,7.72066,81.6955,"{'west': 81.65274, 'south': 7.70261, 'east': 81.7078, 'north': 7.76642}",2023-06-02 00:00:00,2023-06-09 00:00:00
Dengue Fever,0,Ampara,LKA,city,7.29173,81.67835,"{'west': 81.62709, 'south': 7.27196, 'east': 81.71644, 'north': 7.32984}",2023-06-02 00:00:00,2023-06-09 00:00:00
Dysentery,0,Ampara,LKA,city,7.29173,81.67835,"{'west': 81.62709, 'south': 7.27196, 'east': 81.71644, 'north': 7.32984}",2023-06-02 00:00:00,2023-06-09 00:00:00
Encephalitis,0,Ampara,LKA,city,7.29173,81.67835,"{'west': 81.62709, 'south': 7.27196, 'east': 81.71644, 'north': 7.32984}",2023-06-02 00:00:00,2023-06-09 00:00:00
Enteric Fever,0,Ampara,LKA,city,7.29173,81.67835,"{'west': 81.62709, 'south': 7.27196, 'east': 81.71644, 'north': 7.32984}",2023-06-02 00:00:00,2023-06-09 00:00:00
Food Poisoning,0,Ampara,LKA,city,7.29173,81.67835,"{'west': 81.62709, 'south': 7.27196, 'east': 81.71644, 'north': 7.32984}",2023-06-02 00:00:00,2023-06-09 00:00:00
Leptospirosis,0,Ampara,LKA,city,7.29173,81.67835,"{'west': 81.62709, 'south': 7.27196, 'east': 81.71644, 'north': 7.32984}",2023-06-02 00:00:00,2023-06-09 00:00:00
Typhus Fever,0,Ampara,LKA,city,7.29173,81.67835,"{'west': 81.62709, 'south': 7.27196, 'east': 81.71644, 'north': 7.32984}",2023-06-02 00:00:00,2023-06-09 00:00:00
Viral Hepatitis,0,Ampara,LKA,city,7.29173,81.67835,"{'west': 81.62709, 'south': 7.27196, 'east': 81.71644, 'north': 7.32984}",2023-06-02 00:00:00,2023-06-09 00:00:00
Human Rabies,0,Ampara,LKA,city,7.29173,81.67835,"{'west': 81.62709, 'south': 7.27196, 'east': 81.71644, 'north': 7.32984}",2023-06-02 00:00:00,2023-06-09 00:00:00
Chickenpox,0,Ampara,LKA,city,7.29173,81.67835,"{'west': 81.62709, 'south': 7.27196, 'east': 81.71644, 'north': 7.32984}",2023-06-02 00:00:00,2023-06-09 00:00:00
Meningitis,0,Ampara,LKA,city,7.29173,81.67835,"{'west': 81.62709, 'south': 7.27196, 'east': 81.71644, 'north': 7.32984}",2023-06-02 00:00:00,2023-06-09 00:00:00
Leishmaniasis,0,Ampara,LKA,city,7.29173,81.67835,"{'west': 81.62709, 'south': 7.27196, 'east': 81.71644, 'north': 7.32984}",2023-06-02 00:00:00,2023-06-09 00:00:00
Dengue Fever,77,Trincomalee,LKA,city,8.57743,81.22461,"{'west': 81.20242, 'south': 8.53133, 'east': 81.24647, 'north': 8.59751}",2023-06-02 00:00:00,2023-06-09 00:00:00
Dysentery,0,Trincomalee,LKA,city,8.57743,81.22461,"{'west': 81.20242, 'south': 8.53133, 'east': 81.24647, 'north': 8.59751}",2023-06-02 00:00:00,2023-06-09 00:00:00
Encephalitis,0,Trincomalee,LKA,city,8.57743,81.22461,"{'west': 81.20242, 'south': 8.53133, 'east': 81.24647, 'north': 8.59751}",2023-06-02 00:00:00,2023-06-09 00:00:00
Enteric Fever,0,Trincomalee,LKA,city,8.57743,81.22461,"{'west': 81.20242, 'south': 8.53133, 'east': 81.24647, 'north': 8.59751}",2023-06-02 00:00:00,2023-06-09 00:00:00
Food Poisoning,0,Trincomalee,LKA,city,8.57743,81.22461,"{'west': 81.20242, 'south': 8.53133, 'east': 81.24647, 'north': 8.59751}",2023-06-02 00:00:00,2023-06-09 00:00:00
Leptospirosis,2,Trincomalee,LKA,city,8.57743,81.22461,"{'west': 81.20242, 'south': 8.53133, 'east': 81.24647, 'north': 8.59751}",2023-06-02 00:00:00,2023-06-09 00:00:00
Typhus Fever,0,Trincomalee,LKA,city,8.57743,81.22461,"{'west': 81.20242, 'south': 8.53133, 'east': 81.24647, 'north': 8.59751}",2023-06-02 00:00:00,2023-06-09 00:00:00
Viral Hepatitis,0,Trincomalee,LKA,city,8.57743,81.22461,"{'west': 81.20242, 'south': 8.53133, 'east': 81.24647, 'north': 8.59751}",2023-06-02 00:00:00,2023-06-09 00:00:00
Human Rabies,0,Trincomalee,LKA,city,8.57743,81.22461,"{'west': 81.20242, 'south': 8.53133, 'east': 81.24647, 'north': 8.59751}",2023-06-02 00:00:00,2023-06-09 00:00:00
Chickenpox,2,Trincomalee,LKA,city,8.57743,81.22461,"{'west': 81.20242, 'south': 8.53133, 'east': 81.24647, 'north': 8.59751}",2023-06-02 00:00:00,2023-06-09 00:00:00
Meningitis,0,Trincomalee,LKA,city,8.57743,81.22461,"{'west': 81.20242, 'south': 8.53133, 'east': 81.24647, 'north': 8.59751}",2023-06-02 00:00:00,2023-06-09 00:00:00
Leishmaniasis,0,Trincomalee,LKA,city,8.57743,81.22461,"{'west': 81.20242, 'south': 8.53133, 'east': 81.24647, 'north': 8.59751}",2023-06-02 00:00:00,2023-06-09 00:00:00
Dengue Fever,123,Kurunegala,LKA,city,7.48886,80.36227,"{'west': 80.32385, 'south': 7.4446, 'east': 80.38056, 'north': 7.50899}",2023-06-02 00:00:00,2023-06-09 00:00:00
Dysentery,1,Kurunegala,LKA,city,7.48886,80.36227,"{'west': 80.32385, 'south': 7.4446, 'east': 80.38056, 'north': 7.50899}",2023-06-02 00:00:00,2023-06-09 00:00:00
Encephalitis,0,Kurunegala,LKA,city,7.48886,80.36227,"{'west': 80.32385, 'south': 7.4446, 'east': 80.38056, 'north': 7.50899}",2023-06-02 00:00:00,2023-06-09 00:00:00
Enteric Fever,0,Kurunegala,LKA,city,7.48886,80.36227,"{'west': 80.32385, 'south': 7.4446, 'east': 80.38056, 'north': 7.50899}",2023-06-02 00:00:00,2023-06-09 00:00:00
Food Poisoning,0,Kurunegala,LKA,city,7.48886,80.36227,"{'west': 80.32385, 'south': 7.4446, 'east': 80.38056, 'north': 7.50899}",2023-06-02 00:00:00,2023-06-09 00:00:00
Leptospirosis,19,Kurunegala,LKA,city,7.48886,80.36227,"{'west': 80.32385, 'south': 7.4446, 'east': 80.38056, 'north': 7.50899}",2023-06-02 00:00:00,2023-06-09 00:00:00
Typhus Fever,0,Kurunegala,LKA,city,7.48886,80.36227,"{'west': 80.32385, 'south': 7.4446, 'east': 80.38056, 'north': 7.50899}",2023-06-02 00:00:00,2023-06-09 00:00:00
Viral Hepatitis,0,Kurunegala,LKA,city,7.48886,80.36227,"{'west': 80.32385, 'south': 7.4446, 'east': 80.38056, 'north': 7.50899}",2023-06-02 00:00:00,2023-06-09 00:00:00
Human Rabies,0,Kurunegala,LKA,city,7.48886,80.36227,"{'west': 80.32385, 'south': 7.4446, 'east': 80.38056, 'north': 7.50899}",2023-06-02 00:00:00,2023-06-09 00:00:00
Chickenpox,2,Kurunegala,LKA,city,7.48886,80.36227,"{'west': 80.32385, 'south': 7.4446, 'east': 80.38056, 'north': 7.50899}",2023-06-02 00:00:00,2023-06-09 00:00:00
Meningitis,1,Kurunegala,LKA,city,7.48886,80.36227,"{'west': 80.32385, 'south': 7.4446, 'east': 80.38056, 'north': 7.50899}",2023-06-02 00:00:00,2023-06-09 00:00:00
Leishmaniasis,8,Kurunegala,LKA,city,7.48886,80.36227,"{'west': 80.32385, 'south': 7.4446, 'east': 80.38056, 'north': 7.50899}",2023-06-02 00:00:00,2023-06-09 00:00:00
Dengue Fever,53,Puttalam,LKA,county,8.02739,79.83554,"{'west': 79.69231, 'south': 7.26563, 'east': 80.15283, 'north': 8.57113}",2023-06-02 00:00:00,2023-06-09 00:00:00
Dysentery,0,Puttalam,LKA,county,8.02739,79.83554,"{'west': 79.69231, 'south': 7.26563, 'east': 80.15283, 'north': 8.57113}",2023-06-02 00:00:00,2023-06-09 00:00:00
Encephalitis,0,Puttalam,LKA,county,8.02739,79.83554,"{'west': 79.69231, 'south': 7.26563, 'east': 80.15283, 'north': 8.57113}",2023-06-02 00:00:00,2023-06-09 00:00:00
Enteric Fever,0,Puttalam,LKA,county,8.02739,79.83554,"{'west': 79.69231, 'south': 7.26563, 'east': 80.15283, 'north': 8.57113}",2023-06-02 00:00:00,2023-06-09 00:00:00
Food Poisoning,0,Puttalam,LKA,county,8.02739,79.83554,"{'west': 79.69231, 'south': 7.26563, 'east': 80.15283, 'north': 8.57113}",2023-06-02 00:00:00,2023-06-09 00:00:00
Leptospirosis,4,Puttalam,LKA,county,8.02739,79.83554,"{'west': 79.69231, 'south': 7.26563, 'east': 80.15283, 'north': 8.57113}",2023-06-02 00:00:00,2023-06-09 00:00:00
Typhus Fever,0,Puttalam,LKA,county,8.02739,79.83554,"{'west': 79.69231, 'south': 7.26563, 'east': 80.15283, 'north': 8.57113}",2023-06-02 00:00:00,2023-06-09 00:00:00
Viral Hepatitis,0,Puttalam,LKA,county,8.02739,79.83554,"{'west': 79.69231, 'south': 7.26563, 'east': 80.15283, 'north': 8.57113}",2023-06-02 00:00:00,2023-06-09 00:00:00
Human Rabies,0,Puttalam,LKA,county,8.02739,79.83554,"{'west': 79.69231, 'south': 7.26563, 'east': 80.15283, 'north': 8.57113}",2023-06-02 00:00:00,2023-06-09 00:00:00
Chickenpox,1,Puttalam,LKA,county,8.02739,79.83554,"{'west': 79.69231, 'south': 7.26563, 'east': 80.15283, 'north': 8.57113}",2023-06-02 00:00:00,2023-06-09 00:00:00
Meningitis,4,Puttalam,LKA,county,8.02739,79.83554,"{'west': 79.69231, 'south': 7.26563, 'east': 80.15283, 'north': 8.57113}",2023-06-02 00:00:00,2023-06-09 00:00:00
Leishmaniasis,0,Puttalam,LKA,county,8.02739,79.83554,"{'west': 79.69231, 'south': 7.26563, 'east': 80.15283, 'north': 8.57113}",2023-06-02 00:00:00,2023-06-09 00:00:00
Dengue Fever,48,Anuradhapur,LKA,city,8.33021,80.40849,"{'west': 80.39065, 'south': 8.29558, 'east': 80.44005, 'north': 8.35545}",2023-06-02 00:00:00,2023-06-09 00:00:00
Dysentery,0,Anuradhapur,LKA,city,8.33021,80.40849,"{'west': 80.39065, 'south': 8.29558, 'east': 80.44005, 'north': 8.35545}",2023-06-02 00:00:00,2023-06-09 00:00:00
Encephalitis,0,Anuradhapur,LKA,city,8.33021,80.40849,"{'west': 80.39065, 'south': 8.29558, 'east': 80.44005, 'north': 8.35545}",2023-06-02 00:00:00,2023-06-09 00:00:00
Enteric Fever,0,Anuradhapur,LKA,city,8.33021,80.40849,"{'west': 80.39065, 'south': 8.29558, 'east': 80.44005, 'north': 8.35545}",2023-06-02 00:00:00,2023-06-09 00:00:00
Food Poisoning,0,Anuradhapur,LKA,city,8.33021,80.40849,"{'west': 80.39065, 'south': 8.29558, 'east': 80.44005, 'north': 8.35545}",2023-06-02 00:00:00,2023-06-09 00:00:00
Leptospirosis,10,Anuradhapur,LKA,city,8.33021,80.40849,"{'west': 80.39065, 'south': 8.29558, 'east': 80.44005, 'north': 8.35545}",2023-06-02 00:00:00,2023-06-09 00:00:00
Typhus Fever,1,Anuradhapur,LKA,city,8.33021,80.40849,"{'west': 80.39065, 'south': 8.29558, 'east': 80.44005, 'north': 8.35545}",2023-06-02 00:00:00,2023-06-09 00:00:00
Viral Hepatitis,0,Anuradhapur,LKA,city,8.33021,80.40849,"{'west': 80.39065, 'south': 8.29558, 'east': 80.44005, 'north': 8.35545}",2023-06-02 00:00:00,2023-06-09 00:00:00
Human Rabies,0,Anuradhapur,LKA,city,8.33021,80.40849,"{'west': 80.39065, 'south': 8.29558, 'east': 80.44005, 'north': 8.35545}",2023-06-02 00:00:00,2023-06-09 00:00:00
Chickenpox,5,Anuradhapur,LKA,city,8.33021,80.40849,"{'west': 80.39065, 'south': 8.29558, 'east': 80.44005, 'north': 8.35545}",2023-06-02 00:00:00,2023-06-09 00:00:00
Meningitis,2,Anuradhapur,LKA,city,8.33021,80.40849,"{'west': 80.39065, 'south': 8.29558, 'east': 80.44005, 'north': 8.35545}",2023-06-02 00:00:00,2023-06-09 00:00:00
Leishmaniasis,7,Anuradhapur,LKA,city,8.33021,80.40849,"{'west': 80.39065, 'south': 8.29558, 'east': 80.44005, 'north': 8.35545}",2023-06-02 00:00:00,2023-06-09 00:00:00
Dengue Fever,13,Polonnaruwa,LKA,city,7.9422,81.00787,"{'west': 81.00026, 'south': 7.93408, 'east': 81.02119, 'north': 7.94702}",2023-06-02 00:00:00,2023-06-09 00:00:00
Dysentery,0,Polonnaruwa,LKA,city,7.9422,81.00787,"{'west': 81.00026, 'south': 7.93408, 'east': 81.02119, 'north': 7.94702}",2023-06-02 00:00:00,2023-06-09 00:00:00
Encephalitis,0,Polonnaruwa,LKA,city,7.9422,81.00787,"{'west': 81.00026, 'south': 7.93408, 'east': 81.02119, 'north': 7.94702}",2023-06-02 00:00:00,2023-06-09 00:00:00
Enteric Fever,0,Polonnaruwa,LKA,city,7.9422,81.00787,"{'west': 81.00026, 'south': 7.93408, 'east': 81.02119, 'north': 7.94702}",2023-06-02 00:00:00,2023-06-09 00:00:00
Food Poisoning,0,Polonnaruwa,LKA,city,7.9422,81.00787,"{'west': 81.00026, 'south': 7.93408, 'east': 81.02119, 'north': 7.94702}",2023-06-02 00:00:00,2023-06-09 00:00:00
Leptospirosis,5,Polonnaruwa,LKA,city,7.9422,81.00787,"{'west': 81.00026, 'south': 7.93408, 'east': 81.02119, 'north': 7.94702}",2023-06-02 00:00:00,2023-06-09 00:00:00
Typhus Fever,0,Polonnaruwa,LKA,city,7.9422,81.00787,"{'west': 81.00026, 'south': 7.93408, 'east': 81.02119, 'north': 7.94702}",2023-06-02 00:00:00,2023-06-09 00:00:00
Viral Hepatitis,0,Polonnaruwa,LKA,city,7.9422,81.00787,"{'west': 81.00026, 'south': 7.93408, 'east': 81.02119, 'north': 7.94702}",2023-06-02 00:00:00,2023-06-09 00:00:00
Human Rabies,0,Polonnaruwa,LKA,city,7.9422,81.00787,"{'west': 81.00026, 'south': 7.93408, 'east': 81.02119, 'north': 7.94702}",2023-06-02 00:00:00,2023-06-09 00:00:00
Chickenpox,3,Polonnaruwa,LKA,city,7.9422,81.00787,"{'west': 81.00026, 'south': 7.93408, 'east': 81.02119, 'north': 7.94702}",2023-06-02 00:00:00,2023-06-09 00:00:00
Meningitis,0,Polonnaruwa,LKA,city,7.9422,81.00787,"{'west': 81.00026, 'south': 7.93408, 'east': 81.02119, 'north': 7.94702}",2023-06-02 00:00:00,2023-06-09 00:00:00
Leishmaniasis,8,Polonnaruwa,LKA,city,7.9422,81.00787,"{'west': 81.00026, 'south': 7.93408, 'east': 81.02119, 'north': 7.94702}",2023-06-02 00:00:00,2023-06-09 00:00:00
Dengue Fever,17,Badulla,LKA,city,6.99091,81.05319,"{'west': 81.04221, 'south': 6.97368, 'east': 81.06696, 'north': 7.01298}",2023-06-02 00:00:00,2023-06-09 00:00:00
Dysentery,2,Badulla,LKA,city,6.99091,81.05319,"{'west': 81.04221, 'south': 6.97368, 'east': 81.06696, 'north': 7.01298}",2023-06-02 00:00:00,2023-06-09 00:00:00
Encephalitis,0,Badulla,LKA,city,6.99091,81.05319,"{'west': 81.04221, 'south': 6.97368, 'east': 81.06696, 'north': 7.01298}",2023-06-02 00:00:00,2023-06-09 00:00:00
Enteric Fever,0,Badulla,LKA,city,6.99091,81.05319,"{'west': 81.04221, 'south': 6.97368, 'east': 81.06696, 'north': 7.01298}",2023-06-02 00:00:00,2023-06-09 00:00:00
Food Poisoning,0,Badulla,LKA,city,6.99091,81.05319,"{'west': 81.04221, 'south': 6.97368, 'east': 81.06696, 'north': 7.01298}",2023-06-02 00:00:00,2023-06-09 00:00:00
Leptospirosis,13,Badulla,LKA,city,6.99091,81.05319,"{'west': 81.04221, 'south': 6.97368, 'east': 81.06696, 'north': 7.01298}",2023-06-02 00:00:00,2023-06-09 00:00:00
Typhus Fever,0,Badulla,LKA,city,6.99091,81.05319,"{'west': 81.04221, 'south': 6.97368, 'east': 81.06696, 'north': 7.01298}",2023-06-02 00:00:00,2023-06-09 00:00:00
Viral Hepatitis,1,Badulla,LKA,city,6.99091,81.05319,"{'west': 81.04221, 'south': 6.97368, 'east': 81.06696, 'north': 7.01298}",2023-06-02 00:00:00,2023-06-09 00:00:00
Human Rabies,0,Badulla,LKA,city,6.99091,81.05319,"{'west': 81.04221, 'south': 6.97368, 'east': 81.06696, 'north': 7.01298}",2023-06-02 00:00:00,2023-06-09 00:00:00
Chickenpox,9,Badulla,LKA,city,6.99091,81.05319,"{'west': 81.04221, 'south': 6.97368, 'east': 81.06696, 'north': 7.01298}",2023-06-02 00:00:00,2023-06-09 00:00:00
Meningitis,1,Badulla,LKA,city,6.99091,81.05319,"{'west': 81.04221, 'south': 6.97368, 'east': 81.06696, 'north': 7.01298}",2023-06-02 00:00:00,2023-06-09 00:00:00
Leishmaniasis,1,Badulla,LKA,city,6.99091,81.05319,"{'west': 81.04221, 'south': 6.97368, 'east': 81.06696, 'north': 7.01298}",2023-06-02 00:00:00,2023-06-09 00:00:00
Dengue Fever,24,Monaragala,LKA,county,6.87401,81.34969,"{'west': 80.82947, 'south': 6.29798, 'east': 81.63654, 'north': 7.45784}",2023-06-02 00:00:00,2023-06-09 00:00:00
Dysentery,0,Monaragala,LKA,county,6.87401,81.34969,"{'west': 80.82947, 'south': 6.29798, 'east': 81.63654, 'north': 7.45784}",2023-06-02 00:00:00,2023-06-09 00:00:00
Encephalitis,1,Monaragala,LKA,county,6.87401,81.34969,"{'west': 80.82947, 'south': 6.29798, 'east': 81.63654, 'north': 7.45784}",2023-06-02 00:00:00,2023-06-09 00:00:00
Enteric Fever,0,Monaragala,LKA,county,6.87401,81.34969,"{'west': 80.82947, 'south': 6.29798, 'east': 81.63654, 'north': 7.45784}",2023-06-02 00:00:00,2023-06-09 00:00:00
Food Poisoning,0,Monaragala,LKA,county,6.87401,81.34969,"{'west': 80.82947, 'south': 6.29798, 'east': 81.63654, 'north': 7.45784}",2023-06-02 00:00:00,2023-06-09 00:00:00
Leptospirosis,21,Monaragala,LKA,county,6.87401,81.34969,"{'west': 80.82947, 'south': 6.29798, 'east': 81.63654, 'north': 7.45784}",2023-06-02 00:00:00,2023-06-09 00:00:00
Typhus Fever,1,Monaragala,LKA,county,6.87401,81.34969,"{'west': 80.82947, 'south': 6.29798, 'east': 81.63654, 'north': 7.45784}",2023-06-02 00:00:00,2023-06-09 00:00:00
Viral Hepatitis,1,Monaragala,LKA,county,6.87401,81.34969,"{'west': 80.82947, 'south': 6.29798, 'east': 81.63654, 'north': 7.45784}",2023-06-02 00:00:00,2023-06-09 00:00:00
Human Rabies,0,Monaragala,LKA,county,6.87401,81.34969,"{'west': 80.82947, 'south': 6.29798, 'east': 81.63654, 'north': 7.45784}",2023-06-02 00:00:00,2023-06-09 00:00:00
Chickenpox,1,Monaragala,LKA,county,6.87401,81.34969,"{'west': 80.82947, 'south': 6.29798, 'east': 81.63654, 'north': 7.45784}",2023-06-02 00:00:00,2023-06-09 00:00:00
Meningitis,0,Monaragala,LKA,county,6.87401,81.34969,"{'west': 80.82947, 'south': 6.29798, 'east': 81.63654, 'north': 7.45784}",2023-06-02 00:00:00,2023-06-09 00:00:00
Leishmaniasis,5,Monaragala,LKA,county,6.87401,81.34969,"{'west': 80.82947, 'south': 6.29798, 'east': 81.63654, 'north': 7.45784}",2023-06-02 00:00:00,2023-06-09 00:00:00
Dengue Fever,82,Ratnapura,LKA,city,6.67685,80.40504,"{'west': 80.39185, 'south': 6.67436, 'east': 80.41107, 'north': 6.6896}",2023-06-02 00:00:00,2023-06-09 00:00:00
Dysentery,3,Ratnapura,LKA,city,6.67685,80.40504,"{'west': 80.39185, 'south': 6.67436, 'east': 80.41107, 'north': 6.6896}",2023-06-02 00:00:00,2023-06-09 00:00:00
Encephalitis,0,Ratnapura,LKA,city,6.67685,80.40504,"{'west': 80.39185, 'south': 6.67436, 'east': 80.41107, 'north': 6.6896}",2023-06-02 00:00:00,2023-06-09 00:00:00
Enteric Fever,1,Ratnapura,LKA,city,6.67685,80.40504,"{'west': 80.39185, 'south': 6.67436, 'east': 80.41107, 'north': 6.6896}",2023-06-02 00:00:00,2023-06-09 00:00:00
Food Poisoning,3,Ratnapura,LKA,city,6.67685,80.40504,"{'west': 80.39185, 'south': 6.67436, 'east': 80.41107, 'north': 6.6896}",2023-06-02 00:00:00,2023-06-09 00:00:00
Leptospirosis,39,Ratnapura,LKA,city,6.67685,80.40504,"{'west': 80.39185, 'south': 6.67436, 'east': 80.41107, 'north': 6.6896}",2023-06-02 00:00:00,2023-06-09 00:00:00
Typhus Fever,0,Ratnapura,LKA,city,6.67685,80.40504,"{'west': 80.39185, 'south': 6.67436, 'east': 80.41107, 'north': 6.6896}",2023-06-02 00:00:00,2023-06-09 00:00:00
Viral Hepatitis,0,Ratnapura,LKA,city,6.67685,80.40504,"{'west': 80.39185, 'south': 6.67436, 'east': 80.41107, 'north': 6.6896}",2023-06-02 00:00:00,2023-06-09 00:00:00
Human Rabies,0,Ratnapura,LKA,city,6.67685,80.40504,"{'west': 80.39185, 'south': 6.67436, 'east': 80.41107, 'north': 6.6896}",2023-06-02 00:00:00,2023-06-09 00:00:00
Chickenpox,8,Ratnapura,LKA,city,6.67685,80.40504,"{'west': 80.39185, 'south': 6.67436, 'east': 80.41107, 'north': 6.6896}",2023-06-02 00:00:00,2023-06-09 00:00:00
Meningitis,3,Ratnapura,LKA,city,6.67685,80.40504,"{'west': 80.39185, 'south': 6.67436, 'east': 80.41107, 'north': 6.6896}",2023-06-02 00:00:00,2023-06-09 00:00:00
Leishmaniasis,5,Ratnapura,LKA,city,6.67685,80.40504,"{'west': 80.39185, 'south': 6.67436, 'east': 80.41107, 'north': 6.6896}",2023-06-02 00:00:00,2023-06-09 00:00:00
Dengue Fever,91,Kegalle,LKA,city,7.24909,80.35499,"{'west': 80.34374, 'south': 7.24466, 'east': 80.36349, 'north': 7.25467}",2023-06-02 00:00:00,2023-06-09 00:00:00
Dysentery,1,Kegalle,LKA,city,7.24909,80.35499,"{'west': 80.34374, 'south': 7.24466, 'east': 80.36349, 'north': 7.25467}",2023-06-02 00:00:00,2023-06-09 00:00:00
Encephalitis,0,Kegalle,LKA,city,7.24909,80.35499,"{'west': 80.34374, 'south': 7.24466, 'east': 80.36349, 'north': 7.25467}",2023-06-02 00:00:00,2023-06-09 00:00:00
Enteric Fever,0,Kegalle,LKA,city,7.24909,80.35499,"{'west': 80.34374, 'south': 7.24466, 'east': 80.36349, 'north': 7.25467}",2023-06-02 00:00:00,2023-06-09 00:00:00
Food Poisoning,0,Kegalle,LKA,city,7.24909,80.35499,"{'west': 80.34374, 'south': 7.24466, 'east': 80.36349, 'north': 7.25467}",2023-06-02 00:00:00,2023-06-09 00:00:00
Leptospirosis,22,Kegalle,LKA,city,7.24909,80.35499,"{'west': 80.34374, 'south': 7.24466, 'east': 80.36349, 'north': 7.25467}",2023-06-02 00:00:00,2023-06-09 00:00:00
Typhus Fever,1,Kegalle,LKA,city,7.24909,80.35499,"{'west': 80.34374, 'south': 7.24466, 'east': 80.36349, 'north': 7.25467}",2023-06-02 00:00:00,2023-06-09 00:00:00
Viral Hepatitis,0,Kegalle,LKA,city,7.24909,80.35499,"{'west': 80.34374, 'south': 7.24466, 'east': 80.36349, 'north': 7.25467}",2023-06-02 00:00:00,2023-06-09 00:00:00
Human Rabies,0,Kegalle,LKA,city,7.24909,80.35499,"{'west': 80.34374, 'south': 7.24466, 'east': 80.36349, 'north': 7.25467}",2023-06-02 00:00:00,2023-06-09 00:00:00
Chickenpox,5,Kegalle,LKA,city,7.24909,80.35499,"{'west': 80.34374, 'south': 7.24466, 'east': 80.36349, 'north': 7.25467}",2023-06-02 00:00:00,2023-06-09 00:00:00
Meningitis,1,Kegalle,LKA,city,7.24909,80.35499,"{'west': 80.34374, 'south': 7.24466, 'east': 80.36349, 'north': 7.25467}",2023-06-02 00:00:00,2023-06-09 00:00:00
Leishmaniasis,1,Kegalle,LKA,city,7.24909,80.35499,"{'west': 80.34374, 'south': 7.24466, 'east': 80.36349, 'north': 7.25467}",2023-06-02 00:00:00,2023-06-09 00:00:00
Dengue Fever,29,Kalmune,LKA,city,7.42081,81.82038,"{'west': 81.79167, 'south': 7.39353, 'east': 81.8445, 'north': 7.45169}",2023-06-02 00:00:00,2023-06-09 00:00:00
Dysentery,3,Kalmune,LKA,city,7.42081,81.82038,"{'west': 81.79167, 'south': 7.39353, 'east': 81.8445, 'north': 7.45169}",2023-06-02 00:00:00,2023-06-09 00:00:00
Encephalitis,0,Kalmune,LKA,city,7.42081,81.82038,"{'west': 81.79167, 'south': 7.39353, 'east': 81.8445, 'north': 7.45169}",2023-06-02 00:00:00,2023-06-09 00:00:00
Enteric Fever,0,Kalmune,LKA,city,7.42081,81.82038,"{'west': 81.79167, 'south': 7.39353, 'east': 81.8445, 'north': 7.45169}",2023-06-02 00:00:00,2023-06-09 00:00:00
Food Poisoning,0,Kalmune,LKA,city,7.42081,81.82038,"{'west': 81.79167, 'south': 7.39353, 'east': 81.8445, 'north': 7.45169}",2023-06-02 00:00:00,2023-06-09 00:00:00
Leptospirosis,2,Kalmune,LKA,city,7.42081,81.82038,"{'west': 81.79167, 'south': 7.39353, 'east': 81.8445, 'north': 7.45169}",2023-06-02 00:00:00,2023-06-09 00:00:00
Typhus Fever,0,Kalmune,LKA,city,7.42081,81.82038,"{'west': 81.79167, 'south': 7.39353, 'east': 81.8445, 'north': 7.45169}",2023-06-02 00:00:00,2023-06-09 00:00:00
Viral Hepatitis,0,Kalmune,LKA,city,7.42081,81.82038,"{'west': 81.79167, 'south': 7.39353, 'east': 81.8445, 'north': 7.45169}",2023-06-02 00:00:00,2023-06-09 00:00:00
Human Rabies,0,Kalmune,LKA,city,7.42081,81.82038,"{'west': 81.79167, 'south': 7.39353, 'east': 81.8445, 'north': 7.45169}",2023-06-02 00:00:00,2023-06-09 00:00:00
Chickenpox,4,Kalmune,LKA,city,7.42081,81.82038,"{'west': 81.79167, 'south': 7.39353, 'east': 81.8445, 'north': 7.45169}",2023-06-02 00:00:00,2023-06-09 00:00:00
Meningitis,1,Kalmune,LKA,city,7.42081,81.82038,"{'west': 81.79167, 'south': 7.39353, 'east': 81.8445, 'north': 7.45169}",2023-06-02 00:00:00,2023-06-09 00:00:00
Leishmaniasis,0,Kalmune,LKA,city,7.42081,81.82038,"{'west': 81.79167, 'south': 7.39353, 'east': 81.8445, 'north': 7.45169}",2023-06-02 00:00:00,2023-06-09 00:00:00
Dengue Fever,216,SRILANKA,LKA,country,6.88398,79.90079,"{'west': 79.52073, 'south': 5.9187, 'east': 81.87909, 'north': 9.83574}",2023-06-02 00:00:00,2023-06-09 00:00:00
Dysentery,23,SRILANKA,LKA,country,6.88398,79.90079,"{'west': 79.52073, 'south': 5.9187, 'east': 81.87909, 'north': 9.83574}",2023-06-02 00:00:00,2023-06-09 00:00:00
Encephalitis,4,SRILANKA,LKA,country,6.88398,79.90079,"{'west': 79.52073, 'south': 5.9187, 'east': 81.87909, 'north': 9.83574}",2023-06-02 00:00:00,2023-06-09 00:00:00
Enteric Fever,2,SRILANKA,LKA,country,6.88398,79.90079,"{'west': 79.52073, 'south': 5.9187, 'east': 81.87909, 'north': 9.83574}",2023-06-02 00:00:00,2023-06-09 00:00:00
Food Poisoning,9,SRILANKA,LKA,country,6.88398,79.90079,"{'west': 79.52073, 'south': 5.9187, 'east': 81.87909, 'north': 9.83574}",2023-06-02 00:00:00,2023-06-09 00:00:00
Leptospirosis,24,SRILANKA,LKA,country,6.88398,79.90079,"{'west': 79.52073, 'south': 5.9187, 'east': 81.87909, 'north': 9.83574}",2023-06-02 00:00:00,2023-06-09 00:00:00
Typhus Fever,22,SRILANKA,LKA,country,6.88398,79.90079,"{'west': 79.52073, 'south': 5.9187, 'east': 81.87909, 'north': 9.83574}",2023-06-02 00:00:00,2023-06-09 00:00:00
Viral Hepatitis,3,SRILANKA,LKA,country,6.88398,79.90079,"{'west': 79.52073, 'south': 5.9187, 'east': 81.87909, 'north': 9.83574}",2023-06-02 00:00:00,2023-06-09 00:00:00
Human Rabies,0,SRILANKA,LKA,country,6.88398,79.90079,"{'west': 79.52073, 'south': 5.9187, 'east': 81.87909, 'north': 9.83574}",2023-06-02 00:00:00,2023-06-09 00:00:00
Chickenpox,77,SRILANKA,LKA,country,6.88398,79.90079,"{'west': 79.52073, 'south': 5.9187, 'east': 81.87909, 'north': 9.83574}",2023-06-02 00:00:00,2023-06-09 00:00:00
Meningitis,20,SRILANKA,LKA,country,6.88398,79.90079,"{'west': 79.52073, 'south': 5.9187, 'east': 81.87909, 'north': 9.83574}",2023-06-02 00:00:00,2023-06-09 00:00:00
Leishmaniasis,74,SRILANKA,LKA,country,6.88398,79.90079,"{'west': 79.52073, 'south': 5.9187, 'east': 81.87909, 'north': 9.83574}",2023-06-02 00:00:00,2023-06-09 00:00:00
